Tanggal,Temperatur minimum (째C),Temperatur maksimum (째C),Temperatur rata-rata (째C),Kelembapan rata-rata (%),Curah hujan (mm),Lamanya penyinaran matahari (jam),Kecepatan angin maksimum (m/s),Arah angin saat kecepatan maksimum (째),Kecepatan angin rata-rata (m/s),is_calm,wind_sin,wind_cos
2023-01-01,23.6,29.8,26.3,87.0,14.5,0.0,4.0,320.0,1.0,1,0.0,0.0
2023-01-02,24.2,29.4,27.5,81.0,31.5,0.7,4.0,320.0,2.0,0,-0.7,0.7
2023-01-03,25.0,29.6,26.6,82.0,0.5,0.0,6.0,316.0,1.0,1,0.0,0.0
2023-01-04,24.4,30.0,26.4,86.0,2.4,1.1,5.0,316.0,1.0,1,0.0,0.0
2023-01-05,24.0,32.6,27.4,83.0,35.3,5.1,4.0,317.0,2.0,1,0.0,0.0
2023-01-06,24.4,33.4,29.6,68.0,2.3,2.2,4.0,316.0,1.0,1,0.0,0.0
2023-01-07,27.0,33.8,29.6,70.0,0.0,6.2,4.0,340.0,2.0,1,0.0,0.0
2023-01-08,26.6,32.0,28.1,76.0,2.2,8.0,8.0,320.0,2.0,1,0.0,0.0
2023-01-09,26.2,32.6,29.0,73.0,2.6,3.8,5.0,320.0,3.0,0,-0.7,0.7
2023-01-10,27.2,34.4,30.1,65.0,0.0,5.0,6.0,320.0,1.0,1,0.0,0.0
2023-01-11,26.2,32.0,28.8,73.0,0.0,5.0,4.0,320.0,1.0,1,0.0,0.0
2023-01-12,25.7,32.4,29.1,71.0,12.3,0.0,3.0,320.0,0.0,1,0.0,0.0
2023-01-13,25.0,32.6,29.2,74.0,1.0,8.3,5.0,320.0,1.0,1,0.0,0.0
2023-01-14,26.8,32.0,29.2,72.0,0.0,4.5,3.0,300.0,1.0,1,0.0,0.0
2023-01-15,26.4,34.8,29.8,69.0,0.0,6.4,4.0,260.0,2.0,0,-0.7,0.7
2023-01-16,26.4,32.4,28.9,70.0,0.3,6.5,4.0,320.0,1.0,1,0.0,0.0
2023-01-17,26.0,29.4,27.6,77.0,9.2,1.2,5.0,290.0,1.0,1,0.0,0.0
2023-01-18,26.2,31.6,27.7,78.0,0.0,0.0,7.0,317.0,1.0,1,0.0,0.0
2023-01-19,25.8,30.8,27.5,81.0,3.0,1.0,6.0,250.0,2.0,0,-1.0,-0.0
2023-01-20,26.0,32.4,28.6,72.0,0.6,2.4,3.0,290.0,1.0,1,0.0,0.0
2023-01-21,25.0,31.8,28.6,74.0,2.5,3.0,8.0,320.0,2.0,1,0.0,0.0
2023-01-22,26.4,33.4,29.2,71.0,0.0,5.0,6.0,250.0,2.0,0,-1.0,-0.0
2023-01-23,26.0,32.2,28.6,70.0,0.0,6.0,3.0,270.0,2.0,0,-1.0,-0.0
2023-01-24,26.0,34.0,29.1,71.0,0.5,3.2,7.0,320.0,2.0,1,0.0,0.0
2023-01-25,25.0,30.2,27.2,78.0,12.8,5.5,4.0,316.0,1.0,1,0.0,0.0
2023-01-26,26.2,30.4,27.8,79.0,4.5,0.0,3.0,280.0,1.0,1,0.0,0.0
2023-01-27,26.0,29.6,27.6,80.0,27.5,2.4,5.0,310.0,1.0,1,0.0,0.0
2023-01-28,24.5,28.8,25.6,94.0,26.9,0.0,3.0,310.0,0.0,1,0.0,0.0
2023-01-29,24.0,29.2,26.7,86.0,27.0,0.0,6.0,290.0,1.0,1,0.0,0.0
2023-01-30,25.0,30.2,28.0,76.0,6.4,0.0,5.0,320.0,1.0,1,0.0,0.0
2023-01-31,26.0,29.2,27.8,80.0,6.3,3.0,3.0,280.0,1.0,1,0.0,0.0
2023-02-01,25.4,30.2,27.0,85.0,0.5,0.0,4.0,320.0,1.0,1,0.0,0.0
2023-02-02,24.6,29.5,27.2,88.0,31.8,0.2,6.0,320.0,2.0,1,0.0,0.0
2023-02-03,23.2,31.2,26.7,80.0,25.2,0.2,3.0,320.0,1.0,1,0.0,0.0
2023-02-04,24.0,30.2,27.7,83.0,35.2,0.1,5.0,320.0,2.0,0,-1.0,-0.0
2023-02-05,26.2,33.6,28.4,77.0,4.3,1.2,8.0,310.0,2.0,1,0.0,0.0
2023-02-06,25.0,33.4,29.2,67.0,1.2,5.5,4.0,290.0,2.0,1,0.0,0.0
2023-02-07,26.4,30.2,27.8,78.0,0.0,3.0,4.0,240.0,1.0,1,0.0,0.0
2023-02-08,24.5,32.2,27.1,87.0,62.8,2.0,4.0,310.0,1.0,1,0.0,0.0
2023-02-09,25.2,31.8,27.4,73.0,1.0,2.2,9.0,320.0,1.0,1,0.0,0.0
2023-02-10,25.0,31.8,27.9,77.0,9.6,1.5,7.0,317.0,2.0,1,0.0,0.0
2023-02-11,25.2,29.4,27.5,85.0,25.8,6.3,4.0,290.0,1.0,1,0.0,0.0
2023-02-12,23.8,28.6,25.0,92.0,40.8,1.5,4.0,270.0,2.0,0,-1.0,-0.0
2023-02-13,24.2,30.8,27.6,78.0,1.8,0.0,10.0,320.0,1.0,1,0.0,0.0
2023-02-14,24.0,30.8,27.3,79.0,5.4,0.9,7.0,316.0,2.0,0,-0.7,0.7
2023-02-15,25.8,31.0,28.1,74.0,3.3,0.9,5.0,320.0,1.0,1,0.0,0.0
2023-02-16,26.2,31.2,27.1,82.0,9.5,1.8,3.0,316.0,1.0,1,0.0,0.0
2023-02-17,25.0,29.8,27.0,81.0,31.0,1.8,4.0,320.0,1.0,1,0.0,0.0
2023-02-18,25.4,30.4,27.6,83.0,2.5,0.2,7.0,320.0,2.0,1,0.0,0.0
2023-02-19,25.8,30.2,27.5,82.0,3.8,5.2,4.0,310.0,1.0,1,0.0,0.0
2023-02-20,26.0,32.6,27.5,83.0,0.5,4.3,3.0,300.0,1.0,1,0.0,0.0
2023-02-21,26.4,31.6,28.0,77.0,10.0,6.5,3.0,300.0,1.0,1,0.0,0.0
2023-02-22,24.4,30.8,27.3,84.0,29.7,3.0,5.0,280.0,1.0,1,0.0,0.0
2023-02-23,24.6,30.4,26.9,87.0,21.5,3.2,6.0,315.0,1.0,1,0.0,0.0
2023-02-24,24.4,29.8,25.8,94.0,76.9,3.6,4.0,290.0,1.0,1,0.0,0.0
2023-02-25,24.6,29.4,27.0,86.0,74.1,0.0,5.0,310.0,2.0,0,-1.0,-0.0
2023-02-26,24.6,29.6,26.7,88.0,36.7,0.4,4.0,320.0,1.0,1,0.0,0.0
2023-02-27,24.8,30.0,27.1,84.0,38.9,0.5,5.0,315.0,1.0,1,0.0,0.0
2023-02-28,24.8,31.6,27.0,84.0,20.3,1.5,4.0,230.0,1.0,1,0.0,0.0
2023-03-01,24.6,29.8,26.7,88.0,12.7,1.0,8.0,315.0,1.0,1,0.0,0.0
2023-03-02,23.4,27.0,25.1,92.0,79.5,0.5,4.0,210.0,0.0,1,0.0,0.0
2023-03-03,23.8,31.8,27.0,84.0,3.8,0.0,9.0,315.0,1.0,1,0.0,0.0
2023-03-04,24.2,29.6,26.8,81.0,42.5,2.2,4.0,300.0,1.0,1,0.0,0.0
2023-03-05,25.0,29.6,26.6,87.0,2.2,2.0,3.0,310.0,0.0,1,0.0,0.0
2023-03-06,24.0,33.0,28.3,71.0,2.3,2.4,7.0,310.0,2.0,1,0.0,0.0
2023-03-07,25.2,31.2,27.7,76.0,6.7,5.2,4.0,315.0,1.0,1,0.0,0.0
2023-03-08,25.6,29.2,26.5,88.0,4.0,8.0,2.0,250.0,1.0,1,0.0,0.0
2023-03-09,24.8,31.6,27.1,83.0,9.5,0.5,7.0,320.0,1.0,1,0.0,0.0
2023-03-10,24.0,32.4,27.8,81.0,10.0,6.1,5.0,320.0,1.0,1,0.0,0.0
2023-03-11,25.8,33.6,28.5,77.0,2.1,8.4,4.0,280.0,1.0,1,0.0,0.0
2023-03-12,26.6,30.8,28.4,80.0,0.0,8.0,4.0,300.0,1.0,1,0.0,0.0
2023-03-13,25.6,32.2,28.4,72.0,3.3,2.6,8.0,315.0,2.0,1,0.0,0.0
2023-03-14,24.2,31.8,27.2,82.0,32.1,7.6,7.0,320.0,1.0,1,0.0,0.0
2023-03-15,24.4,28.4,25.5,90.0,11.0,0.0,4.0,320.0,1.0,1,0.0,0.0
2023-03-16,24.4,31.2,27.4,82.0,2.4,0.0,5.0,320.0,1.0,1,0.0,0.0
2023-03-17,25.2,32.4,28.6,75.0,1.9,8.0,9.0,310.0,2.0,1,0.0,0.0
2023-03-18,23.8,32.6,28.3,78.0,36.0,9.1,3.0,317.0,1.0,1,0.0,0.0
2023-03-19,26.4,32.0,28.7,81.0,0.0,8.0,6.0,320.0,2.0,1,0.0,0.0
2023-03-20,26.0,32.4,28.7,75.0,0.0,6.0,5.0,317.0,1.0,1,0.0,0.0
2023-03-21,25.6,33.6,29.2,69.0,9.4,7.6,5.0,315.0,0.0,1,0.0,0.0
2023-03-22,25.0,32.6,29.1,76.0,10.6,7.0,3.0,350.0,0.0,1,0.0,0.0
2023-03-23,27.2,33.8,29.3,76.0,1.0,6.7,9.0,320.0,1.0,1,0.0,0.0
2023-03-24,27.2,32.0,29.3,78.0,0.0,7.0,7.0,317.0,1.0,1,0.0,0.0
2023-03-25,27.0,33.8,27.9,83.0,2.0,5.0,5.0,320.0,1.0,1,0.0,0.0
2023-03-26,24.0,30.6,26.8,88.0,48.7,3.0,4.0,300.0,1.0,1,0.0,0.0
2023-03-27,26.0,32.4,27.4,84.0,18.8,6.5,5.0,315.0,1.0,1,0.0,0.0
2023-03-28,26.0,29.6,27.3,86.0,4.2,3.0,4.0,317.0,0.0,1,0.0,0.0
2023-03-29,25.6,32.6,27.5,79.0,17.4,0.0,6.0,315.0,1.0,1,0.0,0.0
2023-03-30,25.4,31.8,26.3,92.0,17.3,2.1,4.0,290.0,0.0,1,0.0,0.0
2023-03-31,25.0,33.2,28.8,70.0,3.2,4.0,9.0,315.0,2.0,1,0.0,0.0
2023-04-01,26.2,31.0,28.1,74.0,0.0,3.0,4.0,260.0,2.0,0,-1.0,-0.0
2023-04-02,26.0,33.0,28.8,76.0,1.2,0.3,7.0,320.0,1.0,1,0.0,0.0
2023-04-03,24.6,32.6,28.1,74.0,6.9,6.9,8.0,315.0,1.0,1,0.0,0.0
2023-04-04,25.0,32.6,28.7,72.0,18.4,6.7,4.0,340.0,1.0,1,0.0,0.0
2023-04-05,25.8,33.2,29.0,69.0,2.6,3.2,6.0,317.0,1.0,1,0.0,0.0
2023-04-06,26.6,34.8,30.3,56.0,0.0,9.2,5.0,315.0,1.0,1,0.0,0.0
2023-04-07,26.0,32.4,28.7,69.0,0.0,5.6,5.0,316.0,1.0,1,0.0,0.0
2023-04-08,26.6,33.2,28.9,74.0,0.0,8.0,3.0,290.0,1.0,1,0.0,0.0
2023-04-09,27.0,32.8,29.1,74.7,0.2,7.6,4.0,320.0,2.0,0,-0.7,0.7
2023-04-10,26.8,33.0,29.1,70.0,0.7,5.0,5.0,240.0,2.0,0,-0.7,0.7
2023-04-11,24.8,33.8,28.9,75.0,3.0,2.9,6.0,315.0,3.0,0,-1.0,-0.0
2023-04-12,27.0,34.8,29.6,66.0,0.8,5.2,11.0,320.0,2.0,0,-0.7,0.7
2023-04-13,26.6,33.6,29.4,73.0,0.0,5.5,3.0,316.0,1.0,1,0.0,0.0
2023-04-14,26.5,33.4,28.3,79.0,0.0,3.4,9.0,320.0,2.0,1,0.0,0.0
2023-04-15,25.0,32.0,28.3,81.0,66.6,5.8,6.0,310.0,1.0,1,0.0,0.0
2023-04-16,25.8,33.4,28.9,80.0,2.0,6.8,3.0,270.0,1.0,1,0.0,0.0
2023-04-17,26.8,33.4,29.3,76.0,12.0,5.5,3.0,250.0,1.0,1,0.0,0.0
2023-04-18,26.0,33.4,29.1,81.0,13.2,7.2,3.0,320.0,1.0,1,0.0,0.0
2023-04-19,25.0,34.4,29.7,79.0,1.2,4.8,2.0,240.0,1.0,1,0.0,0.0
2023-04-20,25.6,34.2,28.9,80.0,29.5,7.6,5.0,320.0,0.0,1,0.0,0.0
2023-04-21,26.6,33.6,29.2,81.0,5.8,3.7,15.0,10.0,1.0,1,0.0,0.0
2023-04-22,25.0,33.8,29.6,76.0,3.2,6.4,3.0,60.0,1.0,1,0.0,0.0
2023-04-23,26.6,34.0,29.8,76.0,0.9,7.0,5.0,100.0,1.0,1,0.0,0.0
2023-04-24,27.0,34.2,29.5,79.0,3.6,7.0,5.0,320.0,1.0,1,0.0,0.0
2023-04-25,25.8,32.2,28.5,81.0,9.7,7.5,4.0,340.0,0.0,1,0.0,0.0
2023-04-26,26.4,33.2,28.7,80.0,1.6,3.2,7.0,320.0,1.0,1,0.0,0.0
2023-04-27,27.0,33.0,29.6,79.0,1.3,7.4,3.0,330.0,1.0,1,0.0,0.0
2023-04-28,27.4,32.8,29.4,79.0,0.0,5.8,4.0,320.0,1.0,1,0.0,0.0
2023-04-29,26.0,32.6,28.6,83.0,0.0,4.7,4.0,320.0,1.0,1,0.0,0.0
2023-04-30,25.0,33.0,29.6,76.0,8.7,3.0,5.0,300.0,1.0,1,0.0,0.0
2023-05-01,27.2,31.0,28.8,80.0,0.0,4.8,3.0,310.0,0.0,1,0.0,0.0
2023-05-02,27.4,34.4,29.0,84.0,0.0,1.4,3.0,320.0,1.0,1,0.0,0.0
2023-05-03,27.4,33.4,29.8,79.0,0.5,3.0,3.0,310.0,1.0,1,0.0,0.0
2023-05-04,26.4,34.2,29.4,79.0,2.5,3.8,3.0,310.0,1.0,1,0.0,0.0
2023-05-05,26.0,33.4,29.2,80.0,9.7,6.6,3.0,300.0,1.0,1,0.0,0.0
2023-05-06,26.0,33.2,28.8,82.0,18.1,3.9,3.0,320.0,0.0,1,0.0,0.0
2023-05-07,26.6,33.2,28.5,83.0,4.1,3.4,6.0,310.0,1.0,1,0.0,0.0
2023-05-08,26.4,32.8,28.7,78.0,45.5,4.7,3.0,340.0,1.0,1,0.0,0.0
2023-05-09,26.4,34.2,30.4,75.0,0.6,3.0,3.0,110.0,1.0,1,0.0,0.0
2023-05-10,27.2,34.0,30.3,76.0,0.0,3.6,5.0,120.0,1.0,1,0.0,0.0
2023-05-11,28.1,32.8,29.2,80.0,0.0,6.2,3.0,110.0,1.0,1,0.0,0.0
2023-05-12,28.0,34.6,30.8,72.0,5.7,1.3,6.0,320.0,1.0,1,0.0,0.0
2023-05-13,27.0,33.8,29.0,82.0,3.5,7.0,5.0,310.0,1.0,1,0.0,0.0
2023-05-14,26.2,33.2,29.5,69.0,20.0,6.5,3.0,220.0,1.0,1,0.0,0.0
2023-05-15,26.2,32.4,28.7,72.0,0.0,6.0,6.0,314.0,1.0,1,0.0,0.0
2023-05-16,26.8,33.6,29.7,70.0,0.0,6.6,4.0,315.0,0.0,1,0.0,0.0
2023-05-17,27.0,33.6,29.6,71.0,0.0,7.5,5.0,320.0,1.0,1,0.0,0.0
2023-05-18,27.6,32.0,29.2,73.0,0.0,6.2,3.0,320.0,0.0,1,0.0,0.0
2023-05-19,27.2,33.2,29.6,74.0,0.0,0.0,6.0,320.0,1.0,1,0.0,0.0
2023-05-20,27.4,33.0,29.4,76.0,0.0,3.3,5.0,310.0,1.0,1,0.0,0.0
2023-05-21,27.4,33.8,29.6,79.0,1.5,2.5,3.0,290.0,1.0,1,0.0,0.0
2023-05-22,26.6,33.2,29.1,78.0,1.8,6.0,2.0,250.0,0.0,1,0.0,0.0
2023-05-23,27.2,33.6,29.3,75.0,0.1,5.3,5.0,320.0,1.0,1,0.0,0.0
2023-05-24,27.0,33.4,29.4,73.0,0.1,4.2,3.0,290.0,1.0,1,0.0,0.0
2023-05-25,26.2,33.2,29.4,72.0,1.1,2.0,4.0,320.0,1.0,1,0.0,0.0
2023-05-26,27.4,33.8,30.1,72.0,0.0,5.2,3.0,140.0,1.0,1,0.0,0.0
2023-05-27,27.2,33.4,29.5,76.0,1.1,4.4,2.0,110.0,1.0,1,0.0,0.0
2023-05-28,25.8,32.6,28.7,80.0,17.8,2.5,5.0,310.0,1.0,1,0.0,0.0
2023-05-29,25.8,32.6,29.9,75.0,4.4,2.5,3.0,150.0,1.0,1,0.0,0.0
2023-05-30,27.8,32.8,29.6,75.0,0.0,3.7,7.0,320.0,1.0,1,0.0,0.0
2023-05-31,27.2,32.4,29.8,73.0,0.0,4.0,3.0,313.0,0.0,1,0.0,0.0
2023-06-01,26.6,33.4,29.3,74.0,0.0,5.0,7.0,320.0,1.0,1,0.0,0.0
2023-06-02,26.0,34.4,29.9,73.0,1.5,6.5,3.0,100.0,1.0,1,0.0,0.0
2023-06-03,27.0,33.8,30.2,72.0,0.0,5.7,3.0,170.0,1.0,1,0.0,0.0
2023-06-04,27.8,32.8,29.5,75.0,0.0,6.2,2.0,120.0,1.0,1,0.0,0.0
2023-06-05,27.2,33.6,29.6,74.0,0.1,4.0,6.0,320.0,1.0,1,0.0,0.0
2023-06-06,26.0,31.6,27.8,82.0,0.3,4.4,3.0,110.0,0.0,1,0.0,0.0
2023-06-07,26.0,33.8,29.8,72.0,1.7,0.0,5.0,310.0,1.0,1,0.0,0.0
2023-06-08,27.0,33.6,29.9,75.0,0.0,4.0,5.0,315.0,1.0,1,0.0,0.0
2023-06-09,26.4,34.0,29.2,73.0,0.0,3.5,3.0,310.0,1.0,1,0.0,0.0
2023-06-10,27.4,32.4,29.5,75.0,0.0,5.2,3.0,10.0,1.0,1,0.0,0.0
2023-06-11,26.6,33.4,29.1,73.0,0.0,4.0,5.0,310.0,1.0,1,0.0,0.0
2023-06-12,26.2,33.8,30.1,72.0,0.0,5.6,4.0,100.0,1.0,1,0.0,0.0
2023-06-13,26.8,34.4,30.1,74.0,0.0,3.4,2.0,100.0,1.0,1,0.0,0.0
2023-06-14,26.0,33.2,29.7,75.0,7.7,2.5,3.0,60.0,0.0,1,0.0,0.0
2023-06-15,27.0,33.4,29.5,74.0,0.0,2.4,4.0,320.0,1.0,1,0.0,0.0
2023-06-16,25.4,32.2,26.2,94.0,0.0,2.0,2.0,140.0,0.0,1,0.0,0.0
2023-06-17,24.6,32.0,27.9,81.0,29.3,0.0,4.0,310.0,1.0,1,0.0,0.0
2023-06-18,25.4,32.0,28.7,80.0,0.0,1.5,4.0,320.0,1.0,1,0.0,0.0
2023-06-19,26.2,31.2,27.4,88.0,0.0,2.3,3.0,20.0,1.0,1,0.0,0.0
2023-06-20,25.2,33.2,28.6,78.0,26.9,0.2,3.0,90.0,1.0,1,0.0,0.0
2023-06-21,25.8,33.0,29.5,77.0,0.0,3.3,5.0,320.0,1.0,1,0.0,0.0
2023-06-22,26.3,33.6,29.2,78.0,2.5,3.9,3.0,315.0,1.0,1,0.0,0.0
2023-06-23,26.4,33.2,29.4,77.0,1.0,3.7,4.0,140.0,2.0,1,0.0,0.0
2023-06-24,26.8,32.0,28.6,79.0,0.0,3.6,3.0,320.0,1.0,1,0.0,0.0
2023-06-25,26.0,32.0,28.7,81.0,31.4,4.2,4.0,320.0,1.0,1,0.0,0.0
2023-06-26,25.2,31.8,28.5,75.0,3.5,2.6,5.0,340.0,1.0,1,0.0,0.0
2023-06-27,26.6,32.2,28.8,76.0,0.0,3.7,5.0,320.0,1.0,1,0.0,0.0
2023-06-28,26.0,33.6,29.1,68.0,0.0,4.0,5.0,317.0,1.0,1,0.0,0.0
2023-06-29,25.2,33.0,28.7,77.0,30.6,4.2,5.0,317.0,1.0,1,0.0,0.0
2023-06-30,26.3,33.2,29.1,76.0,0.0,3.5,7.0,70.0,2.0,1,0.0,0.0
2023-07-01,25.0,32.0,29.2,78.0,0.0,4.8,2.0,20.0,1.0,1,0.0,0.0
2023-07-02,27.6,32.4,29.3,75.0,0.0,2.7,5.0,330.0,1.0,1,0.0,0.0
2023-07-03,26.8,32.2,29.1,74.0,0.0,5.3,7.0,320.0,1.0,1,0.0,0.0
2023-07-04,24.6,33.0,28.7,74.0,0.0,3.5,3.0,320.0,0.0,1,0.0,0.0
2023-07-05,26.4,33.4,29.3,73.0,0.0,5.5,5.0,70.0,1.0,1,0.0,0.0
2023-07-06,26.4,30.2,27.8,82.0,1.6,6.0,3.0,317.0,0.0,1,0.0,0.0
2023-07-07,25.5,31.8,28.2,78.0,2.5,1.5,4.0,320.0,0.0,1,0.0,0.0
2023-07-08,25.4,32.0,28.1,80.0,1.2,1.2,3.0,110.0,1.0,1,0.0,0.0
2023-07-09,25.4,33.2,28.5,76.0,0.0,2.4,4.0,50.0,2.0,0,0.0,-1.0
2023-07-10,26.2,33.0,29.3,73.0,0.0,4.5,4.0,160.0,1.0,1,0.0,0.0
2023-07-11,26.4,33.2,29.1,72.0,0.0,3.4,4.0,310.0,1.0,1,0.0,0.0
2023-07-12,26.0,32.0,29.1,76.0,0.2,6.6,5.0,317.0,1.0,1,0.0,0.0
2023-07-13,26.8,32.6,28.9,72.0,0.0,6.3,6.0,320.0,1.0,1,0.0,0.0
2023-07-14,26.4,32.6,29.0,72.0,0.1,4.5,2.0,320.0,1.0,1,0.0,0.0
2023-07-15,26.0,32.6,28.9,73.0,0.0,4.0,8.0,320.0,2.0,1,0.0,0.0
2023-07-16,25.6,32.8,28.9,74.0,0.0,5.0,4.0,320.0,1.0,1,0.0,0.0
2023-07-17,26.6,33.4,29.3,68.0,0.0,5.6,3.0,80.0,1.0,1,0.0,0.0
2023-07-18,25.8,33.2,28.8,67.0,0.0,5.0,3.0,315.0,1.0,1,0.0,0.0
2023-07-19,25.6,34.6,29.5,59.0,1.6,6.6,5.0,310.0,1.0,1,0.0,0.0
2023-07-20,25.2,32.4,27.9,61.0,0.0,6.8,4.0,317.0,1.0,1,0.0,0.0
2023-07-21,25.4,33.6,28.8,67.0,0.0,6.6,5.0,320.0,1.0,1,0.0,0.0
2023-07-22,26.2,32.8,29.1,70.0,0.0,4.0,3.0,110.0,1.0,1,0.0,0.0
2023-07-23,26.0,33.6,29.0,68.0,0.0,6.0,4.0,320.0,1.0,1,0.0,0.0
2023-07-24,26.3,32.0,28.8,76.0,0.0,6.8,5.0,316.0,1.0,1,0.0,0.0
2023-07-25,26.0,30.8,28.0,78.0,7.8,2.7,5.0,320.0,0.0,1,0.0,0.0
2023-07-26,26.0,30.8,28.0,74.0,0.0,3.3,4.0,310.0,1.0,1,0.0,0.0
2023-07-27,26.4,32.6,29.0,72.0,0.8,1.5,5.0,320.0,1.0,1,0.0,0.0
2023-07-28,25.0,33.2,28.9,68.0,5.1,1.0,6.0,320.0,1.0,1,0.0,0.0
2023-07-29,26.0,32.8,28.6,67.0,0.0,6.3,3.0,150.0,2.0,0,1.0,0.0
2023-07-30,25.6,33.2,28.5,66.0,0.0,6.0,5.0,190.0,2.0,1,0.0,0.0
2023-07-31,25.2,33.0,28.2,65.0,1.0,4.8,4.0,320.0,1.0,1,0.0,0.0
2023-08-01,24.0,33.2,28.7,68.0,1.3,6.0,6.0,240.0,2.0,0,1.0,0.0
2023-08-02,26.0,32.4,29.4,72.0,0.0,7.0,4.0,320.0,2.0,0,0.0,-1.0
2023-08-03,26.8,33.6,29.4,75.0,0.0,0.7,5.0,320.0,1.0,1,0.0,0.0
2023-08-04,26.5,34.2,29.6,74.0,0.0,3.5,4.0,320.0,1.0,1,0.0,0.0
2023-08-05,26.6,33.0,29.4,71.0,0.2,6.5,4.0,350.0,1.0,1,0.0,0.0
2023-08-06,26.4,33.4,28.8,73.0,0.0,6.8,7.0,20.0,2.0,1,0.0,0.0
2023-08-07,26.2,32.6,28.8,76.0,0.0,7.0,5.0,310.0,1.0,1,0.0,0.0
2023-08-08,26.4,34.0,29.0,77.0,2.6,5.2,7.0,320.0,2.0,1,0.0,0.0
2023-08-09,26.0,33.4,28.7,75.0,0.0,7.0,4.0,320.0,0.0,1,0.0,0.0
2023-08-10,25.8,33.2,28.3,76.0,0.0,7.2,6.0,320.0,1.0,1,0.0,0.0
2023-08-11,26.4,31.5,28.6,74.0,0.0,6.7,6.0,320.0,2.0,1,0.0,0.0
2023-08-12,25.8,33.6,28.8,66.0,1.3,5.0,5.0,310.0,1.0,1,0.0,0.0
2023-08-13,25.6,32.4,28.2,70.0,0.0,7.0,4.0,180.0,1.0,1,0.0,0.0
2023-08-14,25.8,32.8,28.4,72.0,0.0,6.7,4.0,160.0,2.0,1,0.0,0.0
2023-08-15,26.0,32.2,28.4,74.0,0.0,7.0,3.0,40.0,1.0,1,0.0,0.0
2023-08-16,26.4,33.6,28.8,72.0,0.0,7.0,4.0,320.0,1.0,1,0.0,0.0
2023-08-17,25.0,32.4,28.2,70.0,6.7,5.5,7.0,350.0,1.0,1,0.0,0.0
2023-08-18,25.8,32.4,28.2,71.0,0.0,7.2,10.0,320.0,2.0,1,0.0,0.0
2023-08-19,26.2,33.0,28.9,71.0,0.0,6.8,4.0,100.0,2.0,1,0.0,0.0
2023-08-20,26.4,34.8,29.4,72.0,0.9,7.0,5.0,210.0,1.0,1,0.0,0.0
2023-08-21,25.0,33.4,29.2,68.0,0.0,6.8,4.0,180.0,1.0,1,0.0,0.0
2023-08-22,26.0,32.2,28.8,70.0,0.0,4.5,5.0,130.0,2.0,1,0.0,0.0
2023-08-23,26.2,32.6,29.0,68.0,0.0,4.5,5.0,320.0,2.0,1,0.0,0.0
2023-08-24,26.0,33.6,29.2,70.0,0.0,5.5,3.0,130.0,1.0,1,0.0,0.0
2023-08-25,26.0,33.0,28.8,74.0,0.0,7.2,5.0,320.0,1.0,1,0.0,0.0
2023-08-26,27.0,32.2,29.1,74.0,0.0,7.4,5.0,70.0,1.0,1,0.0,0.0
2023-08-27,27.4,32.2,29.0,76.0,0.0,4.5,2.0,30.0,1.0,1,0.0,0.0
2023-08-28,25.6,33.6,28.7,71.0,1.8,5.0,3.0,330.0,1.0,1,0.0,0.0
2023-08-29,25.0,33.2,28.7,71.0,13.4,5.0,0.0,0.0,0.0,1,0.0,0.0
2023-08-30,26.0,32.2,28.5,72.0,0.0,7.5,5.0,80.0,2.0,1,0.0,0.0
2023-08-31,25.2,32.2,28.2,73.0,0.0,7.5,5.0,330.0,1.0,1,0.0,0.0
2023-09-01,25.4,32.6,28.0,72.0,1.1,7.0,4.0,300.0,1.0,1,0.0,0.0
2023-09-02,25.0,31.6,28.5,71.0,0.7,7.4,5.0,310.0,1.0,1,0.0,0.0
2023-09-03,26.6,32.6,28.9,68.0,0.6,4.7,4.0,190.0,1.0,1,0.0,0.0
2023-09-04,24.2,33.4,28.3,62.0,0.0,5.5,5.0,120.0,1.0,1,0.0,0.0
2023-09-05,24.6,33.6,28.4,63.0,10.3,7.5,3.0,210.0,0.0,1,0.0,0.0
2023-09-06,25.2,33.4,28.7,65.0,0.0,8.0,3.0,90.0,0.0,1,0.0,0.0
2023-09-07,26.0,32.6,28.7,70.0,0.0,9.2,6.0,320.0,1.0,1,0.0,0.0
2023-09-08,26.6,33.2,29.0,74.0,0.0,9.3,3.0,300.0,1.0,1,0.0,0.0
2023-09-09,26.6,33.0,29.3,72.0,0.1,8.0,8.0,330.0,1.0,1,0.0,0.0
2023-09-10,26.2,31.8,28.4,66.0,0.0,8.0,4.0,310.0,1.0,1,0.0,0.0
2023-09-11,26.6,33.0,29.1,66.0,0.0,6.7,5.0,320.0,1.0,1,0.0,0.0
2023-09-12,26.2,34.4,29.6,65.0,0.0,6.0,4.0,120.0,1.0,1,0.0,0.0
2023-09-13,26.6,33.0,29.5,67.0,0.0,8.0,4.0,290.0,0.0,1,0.0,0.0
2023-09-14,25.0,33.6,29.2,64.0,0.5,7.0,7.0,330.0,1.0,1,0.0,0.0
2023-09-15,26.0,34.2,29.5,65.0,0.0,8.2,3.0,40.0,1.0,1,0.0,0.0
2023-09-16,26.4,33.4,29.3,68.0,0.0,9.0,4.0,310.0,1.0,1,0.0,0.0
2023-09-17,26.6,33.0,29.1,70.0,0.0,8.0,6.0,340.0,1.0,1,0.0,0.0
2023-09-18,26.8,32.4,29.0,73.0,0.0,7.4,9.0,330.0,1.0,1,0.0,0.0
2023-09-19,27.4,32.6,29.7,72.0,0.0,8.2,2.0,330.0,0.0,1,0.0,0.0
2023-09-20,26.6,32.8,28.9,73.0,0.0,3.0,3.0,320.0,0.0,1,0.0,0.0
2023-09-21,26.4,33.4,29.3,70.0,0.0,8.0,6.0,330.0,1.0,1,0.0,0.0
2023-09-22,25.0,32.6,28.8,70.0,6.8,7.0,8.0,340.0,1.0,1,0.0,0.0
2023-09-23,26.4,32.6,28.9,66.0,0.0,8.0,4.0,310.0,1.0,1,0.0,0.0
2023-09-24,26.6,32.2,28.7,72.0,0.0,3.6,6.0,310.0,1.0,1,0.0,0.0
2023-09-25,25.6,34.2,29.3,66.0,2.8,6.0,5.0,270.0,1.0,1,0.0,0.0
2023-09-26,25.0,34.0,29.5,66.0,3.7,9.0,4.0,320.0,0.0,1,0.0,0.0
2023-09-27,26.0,35.0,29.8,58.0,0.0,9.0,3.0,130.0,1.0,1,0.0,0.0
2023-09-28,26.3,35.2,30.0,58.0,0.0,9.8,7.0,80.0,1.0,1,0.0,0.0
2023-09-29,26.8,36.8,30.4,59.0,0.0,9.5,3.0,130.0,1.0,1,0.0,0.0
2023-09-30,25.6,33.0,29.1,70.0,0.7,9.2,3.0,280.0,1.0,1,0.0,0.0
2023-10-01,26.6,32.8,28.9,72.0,0.0,8.0,3.0,330.0,1.0,1,0.0,0.0
2023-10-02,26.8,33.0,29.2,70.0,0.0,4.3,7.0,320.0,1.0,1,0.0,0.0
2023-10-03,26.6,34.2,29.2,67.0,0.0,4.8,6.0,340.0,2.0,1,0.0,0.0
2023-10-04,25.0,33.0,29.0,74.0,1.9,8.0,3.0,230.0,1.0,1,0.0,0.0
2023-10-05,27.2,34.0,29.8,74.0,0.0,8.0,3.0,240.0,0.0,1,0.0,0.0
2023-10-06,26.0,32.4,29.3,76.0,0.7,8.5,5.0,360.0,1.0,1,0.0,0.0
2023-10-07,26.4,33.6,29.6,74.0,0.0,4.4,7.0,340.0,1.0,1,0.0,0.0
2023-10-08,26.0,33.4,29.7,73.0,0.6,4.9,4.0,310.0,1.0,1,0.0,0.0
2023-10-09,27.0,34.6,30.1,72.0,0.0,7.5,3.0,90.0,1.0,1,0.0,0.0
2023-10-10,27.8,34.8,30.7,65.0,0.0,8.0,8.0,320.0,1.0,1,0.0,0.0
2023-10-11,27.6,33.8,30.1,72.0,0.0,7.0,5.0,100.0,1.0,1,0.0,0.0
2023-10-12,28.0,35.2,30.2,74.0,0.0,6.2,4.0,310.0,1.0,1,0.0,0.0
2023-10-13,28.0,35.0,30.1,74.0,0.0,7.6,9.0,320.0,2.0,1,0.0,0.0
2023-10-14,28.0,33.6,30.3,65.0,0.0,7.0,7.0,320.0,2.0,1,0.0,0.0
2023-10-15,27.4,36.0,30.8,61.0,0.6,6.0,5.0,60.0,1.0,1,0.0,0.0
2023-10-16,27.6,35.0,30.1,69.0,0.0,5.7,8.0,320.0,1.0,1,0.0,0.0
2023-10-17,28.0,36.6,31.8,60.0,0.0,8.0,9.0,100.0,2.0,1,0.0,0.0
2023-10-18,26.0,33.4,30.3,62.0,0.0,7.6,6.0,340.0,2.0,1,0.0,0.0
2023-10-19,27.6,34.8,30.7,66.0,0.1,7.5,5.0,100.0,1.0,1,0.0,0.0
2023-10-20,26.0,33.0,29.9,73.0,1.2,6.4,5.0,320.0,2.0,1,0.0,0.0
2023-10-21,28.0,34.6,30.2,71.0,0.0,7.2,3.0,340.0,1.0,1,0.0,0.0
2023-10-22,27.8,33.8,30.4,65.0,0.1,8.0,3.0,300.0,1.0,1,0.0,0.0
2023-10-23,24.0,34.0,27.0,78.0,0.0,8.0,6.0,280.0,2.0,1,0.0,0.0
2023-10-24,26.0,33.0,29.4,72.0,0.4,8.0,5.0,340.0,1.0,1,0.0,0.0
2023-10-25,26.4,33.0,29.5,72.0,2.0,2.0,9.0,330.0,1.0,1,0.0,0.0
2023-10-26,27.2,33.6,30.1,72.0,0.0,4.4,6.0,340.0,1.0,1,0.0,0.0
2023-10-27,27.0,33.8,30.1,72.0,0.0,7.0,3.0,260.0,0.0,1,0.0,0.0
2023-10-28,27.0,33.6,30.3,68.0,0.0,7.0,5.0,320.0,1.0,1,0.0,0.0
2023-10-29,27.0,34.0,29.8,69.0,0.0,8.0,3.0,250.0,1.0,1,0.0,0.0
2023-10-30,27.0,33.8,30.7,67.0,0.0,7.8,5.0,300.0,1.0,1,0.0,0.0
2023-10-31,27.8,33.6,29.8,74.0,0.0,6.5,5.0,330.0,1.0,1,0.0,0.0
2023-11-01,27.0,33.2,29.8,72.0,8.0,4.3,6.0,330.0,1.0,1,0.0,0.0
2023-11-02,27.6,33.4,30.3,71.0,0.0,3.5,4.0,320.0,1.0,1,0.0,0.0
2023-11-03,27.8,33.4,30.2,70.0,0.0,4.0,5.0,330.0,1.0,1,0.0,0.0
2023-11-04,27.6,32.6,28.2,80.0,0.8,4.2,4.0,330.0,1.0,1,0.0,0.0
2023-11-05,24.4,32.6,28.7,80.0,28.0,1.5,6.0,290.0,1.0,1,0.0,0.0
2023-11-06,25.0,33.4,30.1,75.0,0.0,0.6,5.0,320.0,0.0,1,0.0,0.0
2023-11-07,27.4,33.4,30.4,71.0,0.0,5.2,7.0,320.0,2.0,1,0.0,0.0
2023-11-08,27.6,33.6,30.4,72.0,0.7,3.2,8.0,330.0,1.0,1,0.0,0.0
2023-11-09,27.0,33.5,30.0,72.0,0.0,0.0,5.0,320.0,1.0,1,0.0,0.0
2023-11-10,27.0,33.4,29.2,79.0,0.0,0.0,4.0,320.0,1.0,1,0.0,0.0
2023-11-11,26.2,33.2,29.3,76.0,4.5,0.0,4.0,340.0,1.0,1,0.0,0.0
2023-11-12,26.5,34.0,30.1,71.0,0.0,0.0,5.0,320.0,1.0,1,0.0,0.0
2023-11-13,26.0,35.6,31.2,67.0,12.3,0.0,3.0,240.0,1.0,1,0.0,0.0
2023-11-14,28.0,34.4,29.7,76.0,0.3,8.0,5.0,320.0,1.0,1,0.0,0.0
2023-11-15,25.2,33.4,29.6,74.0,39.0,0.0,4.0,320.0,1.0,1,0.0,0.0
2023-11-16,26.2,34.2,29.7,74.0,0.9,4.2,6.0,320.0,2.0,1,0.0,0.0
2023-11-17,26.0,33.4,29.8,75.0,11.0,7.6,4.0,20.0,1.0,1,0.0,0.0
2023-11-18,27.0,33.4,29.2,76.0,0.4,6.2,4.0,320.0,1.0,1,0.0,0.0
2023-11-19,27.0,33.4,29.6,78.0,1.0,6.0,5.0,330.0,1.0,1,0.0,0.0
2023-11-20,26.0,34.2,30.4,69.0,4.0,7.8,7.0,320.0,1.0,1,0.0,0.0
2023-11-21,27.4,33.6,30.2,72.0,0.0,6.3,9.0,330.0,2.0,1,0.0,0.0
2023-11-22,26.0,33.6,30.0,73.0,15.0,6.8,9.0,320.0,2.0,1,0.0,0.0
2023-11-23,27.4,32.2,29.2,78.0,3.1,3.0,6.0,320.0,1.0,1,0.0,0.0
2023-11-24,26.8,32.8,28.6,82.0,0.0,0.0,5.0,330.0,1.0,1,0.0,0.0
2023-11-25,25.0,29.6,26.1,89.0,3.5,1.0,2.0,150.0,0.0,1,0.0,0.0
2023-11-26,24.8,32.8,29.1,75.0,18.1,0.0,4.0,330.0,1.0,1,0.0,0.0
2023-11-27,26.4,32.2,28.2,78.0,6.6,5.2,3.0,320.0,1.0,1,0.0,0.0
2023-11-28,26.4,33.0,29.5,73.0,2.0,0.0,5.0,320.0,0.0,1,0.0,0.0
2023-11-29,26.2,34.2,29.8,76.0,2.5,5.3,2.0,20.0,0.0,1,0.0,0.0
2023-11-30,25.8,32.6,28.3,80.0,18.1,6.2,5.0,330.0,1.0,1,0.0,0.0
2023-12-01,26.4,30.4,26.9,87.0,3.0,2.3,2.0,300.0,0.0,1,0.0,0.0
2023-12-02,25.8,33.6,29.4,74.0,1.1,0.0,6.0,320.0,1.0,1,0.0,0.0
2023-12-03,26.0,32.2,28.6,78.0,4.2,6.1,4.0,260.0,1.0,1,0.0,0.0
2023-12-04,26.0,29.0,26.7,86.0,2.3,1.7,2.0,120.0,0.0,1,0.0,0.0
2023-12-05,24.8,32.4,29.4,74.0,1.4,0.0,5.0,320.0,1.0,1,0.0,0.0
2023-12-06,26.2,33.4,29.4,74.0,0.4,6.5,5.0,320.0,1.0,1,0.0,0.0
2023-12-07,27.2,33.4,29.2,79.0,0.0,6.7,4.0,320.0,1.0,1,0.0,0.0
2023-12-08,26.4,32.6,29.4,76.0,0.0,0.6,5.0,320.0,1.0,1,0.0,0.0
2023-12-09,26.6,32.4,29.1,76.0,0.0,3.6,3.0,300.0,1.0,1,0.0,0.0
2023-12-10,26.8,32.0,29.2,77.0,0.0,1.0,4.0,50.0,1.0,1,0.0,0.0
2023-12-11,26.8,33.0,30.0,72.0,0.0,0.0,7.0,320.0,2.0,1,0.0,0.0
2023-12-12,28.0,33.2,29.7,71.0,0.0,7.0,5.0,340.0,1.0,1,0.0,0.0
2023-12-13,26.4,33.0,30.1,70.0,0.0,3.8,9.0,320.0,2.0,1,0.0,0.0
2023-12-14,26.8,33.8,30.6,69.0,0.0,6.8,7.0,320.0,2.0,1,0.0,0.0
2023-12-15,25.0,33.4,30.4,65.0,0.4,7.6,4.0,330.0,1.0,1,0.0,0.0
2023-12-16,26.4,33.6,30.3,64.0,0.0,5.2,5.0,310.0,2.0,1,0.0,0.0
2023-12-17,26.4,34.8,30.6,65.0,0.0,7.7,5.0,330.0,2.0,0,-1.0,-0.0
2023-12-18,26.8,34.2,30.7,66.0,0.0,7.8,8.0,310.0,1.0,1,0.0,0.0
2023-12-19,25.8,34.4,30.3,62.0,3.9,7.5,7.0,320.0,2.0,1,0.0,0.0
2023-12-20,26.2,35.6,30.3,56.0,0.7,7.8,4.0,340.0,1.0,1,0.0,0.0
2023-12-21,25.4,34.6,29.9,62.0,0.0,8.0,8.0,340.0,2.0,1,0.0,0.0
2023-12-22,26.2,33.2,30.1,65.0,0.9,7.0,5.0,330.0,1.0,1,0.0,0.0
2023-12-23,26.0,33.8,31.0,65.0,3.9,1.8,4.0,280.0,1.0,1,0.0,0.0
2023-12-24,28.0,33.6,30.6,70.0,0.0,6.6,4.0,300.0,1.0,1,0.0,0.0
2023-12-25,27.0,32.2,28.3,80.0,0.0,5.3,5.0,320.0,1.0,1,0.0,0.0
2023-12-26,25.2,31.0,28.4,80.0,36.0,2.0,4.0,320.0,1.0,1,0.0,0.0
2023-12-27,26.4,33.2,28.7,80.0,0.0,0.0,9.0,320.0,1.0,1,0.0,0.0
2023-12-28,26.6,33.2,29.9,76.0,2.5,3.8,4.0,320.0,1.0,1,0.0,0.0
2023-12-29,27.2,33.0,29.3,79.0,0.3,5.6,5.0,320.0,1.0,1,0.0,0.0
2023-12-30,26.4,32.6,29.2,79.0,2.0,4.0,5.0,330.0,1.0,1,0.0,0.0
2023-12-31,27.2,32.2,28.3,80.0,0.0,2.4,5.0,290.0,1.0,1,0.0,0.0
2024-01-01,26.4,32.2,29.6,77.0,1.8,5.6,4.0,290.0,1.0,1,0.0,0.0
2024-01-02,27.2,31.8,29.7,78.0,0.0,0.7,5.0,300.0,1.0,1,0.0,0.0
2024-01-03,26.6,30.2,28.0,84.0,2.5,0.0,3.0,260.0,1.0,1,0.0,0.0
2024-01-04,26.4,31.4,27.1,87.0,8.5,0.0,3.0,330.0,0.0,1,0.0,0.0
2024-01-05,25.0,32.4,28.1,80.0,30.8,0.0,5.0,330.0,1.0,1,0.0,0.0
2024-01-06,25.2,32.2,27.8,83.0,1.0,4.0,4.0,240.0,1.0,1,0.0,0.0
2024-01-07,25.8,33.2,28.1,80.0,1.3,3.7,3.0,320.0,1.0,1,0.0,0.0
2024-01-08,25.8,31.6,28.3,79.0,13.4,4.2,5.0,320.0,1.0,1,0.0,0.0
2024-01-09,25.0,33.8,29.2,76.0,12.2,0.0,7.0,320.0,2.0,1,0.0,0.0
2024-01-10,26.4,32.8,29.2,76.0,0.6,6.0,6.0,320.0,2.0,1,0.0,0.0
2024-01-11,26.8,32.8,27.3,87.0,0.0,3.8,5.0,320.0,1.0,1,0.0,0.0
2024-01-12,25.0,33.4,28.6,75.0,42.0,0.8,5.0,240.0,2.0,1,0.0,0.0
2024-01-13,26.2,32.4,28.4,80.0,0.0,3.0,4.0,310.0,1.0,1,0.0,0.0
2024-01-14,26.2,32.4,29.5,76.0,2.4,0.4,7.0,330.0,2.0,1,0.0,0.0
2024-01-15,26.0,31.4,29.4,74.0,2.5,3.9,6.0,340.0,2.0,0,-0.7,0.7
2024-01-16,27.2,34.6,30.2,69.0,0.0,3.2,9.0,320.0,2.0,0,-1.0,-0.0
2024-01-17,27.2,32.0,28.4,80.0,0.8,5.6,4.0,320.0,1.0,1,0.0,0.0
2024-01-18,25.0,32.6,28.2,79.0,1.5,1.0,7.0,260.0,2.0,0,-1.0,-0.0
2024-01-19,24.8,28.4,26.4,85.0,7.7,1.0,4.0,250.0,2.0,0,-1.0,-0.0
2024-01-20,24.8,35.4,30.5,64.0,11.0,0.0,7.0,300.0,2.0,1,0.0,0.0
2024-01-21,26.0,32.8,28.8,76.0,6.1,8.0,10.0,230.0,2.0,0,-0.7,-0.7
2024-01-22,26.4,35.0,30.4,66.0,7.0,5.4,8.0,320.0,3.0,0,-1.0,-0.0
2024-01-23,27.0,34.6,30.1,68.0,0.3,5.8,5.0,260.0,1.0,1,0.0,0.0
2024-01-24,26.0,33.6,30.2,67.0,1.5,2.7,6.0,260.0,2.0,1,0.0,0.0
2024-01-25,27.0,33.0,30.1,72.0,0.0,5.7,4.0,320.0,1.0,1,0.0,0.0
2024-01-26,27.0,32.4,29.1,78.0,0.0,6.7,10.0,320.0,3.0,0,-0.7,0.7
2024-01-27,25.6,28.4,26.3,90.0,14.0,2.5,3.0,330.0,0.0,1,0.0,0.0
2024-01-28,25.0,30.6,27.4,85.0,28.0,0.0,5.0,320.0,1.0,1,0.0,0.0
2024-01-29,24.0,29.8,27.2,88.0,24.0,1.2,5.0,320.0,1.0,1,0.0,0.0
2024-01-30,24.6,32.8,26.9,88.0,17.6,0.8,5.0,320.0,1.0,1,0.0,0.0
2024-01-31,25.0,31.4,27.9,81.0,110.5,0.7,4.0,320.0,1.0,1,0.0,0.0
2024-02-01,25.0,31.6,27.8,83.0,14.4,2.2,7.0,340.0,1.0,1,0.0,0.0
2024-02-02,25.6,34.2,28.2,81.0,20.1,3.1,5.0,340.0,1.0,1,0.0,0.0
2024-02-03,25.0,31.6,28.1,79.0,20.3,3.2,4.0,270.0,2.0,0,-1.0,-0.0
2024-02-04,26.2,31.0,28.0,81.0,8.9,0.8,4.0,340.0,1.0,1,0.0,0.0
2024-02-05,26.0,32.0,27.9,84.0,14.0,2.4,10.0,320.0,1.0,1,0.0,0.0
2024-02-06,26.2,31.0,26.4,86.0,6.8,3.4,9.0,250.0,1.0,1,0.0,0.0
2024-02-07,24.6,33.4,28.9,75.0,14.8,3.5,5.0,260.0,1.0,1,0.0,0.0
2024-02-08,25.4,32.6,29.3,76.0,6.4,5.0,11.0,330.0,2.0,1,0.0,0.0
2024-02-09,26.0,31.0,29.0,79.0,8.3,8.5,6.0,320.0,2.0,0,-0.7,0.7
2024-02-10,25.2,32.0,28.6,79.0,102.0,4.2,6.0,310.0,1.0,1,0.0,0.0
2024-02-11,26.6,32.0,28.8,78.0,0.0,5.2,7.0,300.0,2.0,0,-0.7,0.7
2024-02-12,26.2,32.6,28.6,81.0,5.8,7.6,10.0,360.0,2.0,1,0.0,0.0
2024-02-13,26.0,31.2,28.6,80.0,3.0,5.0,8.0,320.0,2.0,1,0.0,0.0
2024-02-14,24.4,30.0,27.6,85.0,140.9,6.8,3.0,310.0,0.0,1,0.0,0.0
2024-02-15,25.6,31.4,28.5,85.0,3.0,2.1,5.0,300.0,1.0,1,0.0,0.0
2024-02-16,26.4,30.0,28.1,85.0,7.5,0.8,8.0,320.0,2.0,1,0.0,0.0
2024-02-17,25.0,31.0,28.3,82.0,18.4,0.2,4.0,300.0,1.0,1,0.0,0.0
2024-02-18,26.0,30.4,28.6,80.0,0.0,3.0,7.0,340.0,2.0,1,0.0,0.0
2024-02-19,26.6,32.4,29.5,78.0,0.0,2.7,9.0,300.0,2.0,1,0.0,0.0
2024-02-20,26.8,33.0,29.8,78.0,8.4,5.2,9.0,340.0,2.0,1,0.0,0.0
2024-02-21,26.0,33.0,29.5,77.0,0.2,7.2,5.0,320.0,1.0,1,0.0,0.0
2024-02-22,27.4,34.0,30.6,74.0,0.0,0.3,7.0,350.0,3.0,1,0.0,0.0
2024-02-23,27.2,34.0,30.3,72.0,3.2,5.8,4.0,330.0,2.0,1,0.0,0.0
2024-02-24,27.4,31.6,28.9,80.0,1.5,2.4,9.0,330.0,3.0,1,0.0,0.0
2024-02-25,26.0,32.8,28.4,81.0,5.7,3.8,9.0,340.0,2.0,1,0.0,0.0
2024-02-26,25.6,31.0,28.7,79.0,20.8,1.7,4.0,340.0,0.0,1,0.0,0.0
2024-02-27,26.2,32.2,29.1,78.0,0.0,2.5,6.0,340.0,1.0,1,0.0,0.0
2024-02-28,24.8,30.8,27.6,88.0,38.5,5.2,4.0,350.0,1.0,1,0.0,0.0
2024-02-29,25.0,27.0,26.1,92.0,75.5,0.3,2.0,320.0,0.0,1,0.0,0.0
2024-03-01,25.2,32.4,29.1,77.0,10.0,0.0,5.0,330.0,2.0,1,0.0,0.0
2024-03-02,26.4,30.4,27.7,86.0,4.7,5.2,4.0,310.0,1.0,0,-0.7,0.7
2024-03-03,25.8,31.0,27.7,86.0,17.7,0.0,6.0,310.0,2.0,1,0.0,0.0
2024-03-04,25.0,34.0,29.2,74.0,6.8,0.2,4.0,270.0,2.0,1,0.0,0.0
2024-03-05,26.4,35.2,30.2,71.0,1.0,1.0,5.0,260.0,2.0,1,0.0,0.0
2024-03-06,27.2,33.8,29.6,75.0,0.1,2.4,5.0,320.0,2.0,1,0.0,0.0
2024-03-07,26.8,34.6,29.7,74.0,4.0,1.2,5.0,240.0,1.0,1,0.0,0.0
2024-03-08,25.0,32.0,29.2,75.0,0.0,4.6,4.0,260.0,1.0,1,0.0,0.0
2024-03-09,25.9,33.3,27.1,94.0,4.2,0.5,5.0,270.0,0.0,1,0.0,0.0
2024-03-10,24.2,30.8,27.9,86.0,47.7,0.0,4.0,290.0,1.0,1,0.0,0.0
2024-03-11,25.4,29.8,27.9,86.0,10.4,0.2,6.0,330.0,1.0,1,0.0,0.0
2024-03-12,25.0,31.4,28.8,79.0,16.0,0.0,3.0,310.0,1.0,1,0.0,0.0
2024-03-13,26.4,31.6,28.2,84.0,4.3,3.0,7.0,330.0,2.0,1,0.0,0.0
2024-03-14,26.6,29.6,27.2,86.0,24.0,1.2,6.0,320.0,1.0,1,0.0,0.0
2024-03-15,24.6,30.8,27.4,83.0,31.8,0.0,5.0,270.0,1.0,1,0.0,0.0
2024-03-16,24.0,30.0,26.0,91.0,6.5,0.0,2.0,330.0,1.0,1,0.0,0.0
2024-03-17,24.7,29.0,27.0,85.0,19.0,1.0,4.0,230.0,2.0,0,-1.0,-0.0
2024-03-18,25.6,32.4,29.0,77.0,21.7,2.1,6.0,320.0,2.0,1,0.0,0.0
2024-03-19,26.2,34.8,30.2,65.0,0.3,5.0,6.0,260.0,1.0,1,0.0,0.0
2024-03-20,25.0,35.4,30.4,63.0,1.8,9.9,7.0,240.0,3.0,0,-1.0,-0.0
2024-03-21,26.0,32.0,29.0,77.0,0.0,9.7,6.0,340.0,2.0,1,0.0,0.0
2024-03-22,25.2,29.6,26.4,91.0,63.3,9.0,0.0,0.0,0.0,1,0.0,0.0
2024-03-23,25.4,33.6,29.8,75.0,3.8,0.0,5.0,340.0,1.0,1,0.0,0.0
2024-03-24,26.0,33.4,29.9,77.0,2.3,9.9,3.0,300.0,1.0,1,0.0,0.0
2024-03-25,27.2,32.0,29.2,80.0,1.3,8.0,4.0,340.0,1.0,1,0.0,0.0
2024-03-26,27.4,34.2,30.2,75.0,0.2,5.0,5.0,120.0,1.0,1,0.0,0.0
2024-03-27,27.2,30.8,28.3,82.0,0.4,5.2,3.0,340.0,1.0,1,0.0,0.0
2024-03-28,26.0,32.4,29.3,77.0,2.8,0.0,6.0,320.0,1.0,1,0.0,0.0
2024-03-29,26.8,33.4,29.8,75.0,0.0,5.5,3.0,90.0,0.0,1,0.0,0.0
2024-03-30,27.2,33.6,29.7,77.0,4.5,6.2,3.0,340.0,1.0,1,0.0,0.0
2024-03-31,27.4,33.4,28.9,82.0,3.4,4.5,8.0,340.0,1.0,1,0.0,0.0
2024-05-01,28.0,33.0,30.4,76.0,1.5,5.6,4.0,360.0,1.0,1,0.0,0.0
2024-05-02,28.0,34.9,31.3,72.0,6.5,0.6,6.0,70.0,1.0,1,0.0,0.0
2024-05-03,27.0,33.8,30.7,73.0,0.5,2.8,7.0,360.0,2.0,1,0.0,0.0
2024-05-04,28.0,34.0,30.3,70.0,0.0,6.2,6.0,300.0,1.0,1,0.0,0.0
2024-05-05,27.4,34.6,30.8,71.0,0.0,5.0,6.0,360.0,1.0,1,0.0,0.0
2024-05-06,27.0,33.4,30.5,68.0,0.3,5.8,3.0,300.0,0.0,1,0.0,0.0
2024-05-07,28.0,35.0,31.0,68.0,0.0,3.7,2.0,50.0,1.0,1,0.0,0.0
2024-05-08,28.0,34.2,30.5,71.0,1.0,6.5,3.0,310.0,1.0,1,0.0,0.0
2024-05-09,27.0,35.2,30.6,73.0,0.7,4.2,3.0,120.0,1.0,1,0.0,0.0
2024-05-10,27.8,34.6,30.9,73.0,0.1,6.0,3.0,140.0,1.0,1,0.0,0.0
2024-05-11,28.0,36.6,31.1,71.0,0.7,7.0,5.0,360.0,2.0,1,0.0,0.0
2024-05-12,28.0,35.0,31.0,70.0,1.0,5.5,4.0,140.0,2.0,1,0.0,0.0
2024-05-13,28.0,34.8,30.9,72.0,0.0,5.7,4.0,360.0,1.0,1,0.0,0.0
2024-05-14,28.0,32.4,28.5,84.0,0.0,6.0,4.0,360.0,1.0,1,0.0,0.0
2024-05-15,27.0,34.0,30.7,71.0,28.5,0.0,4.0,360.0,1.0,1,0.0,0.0
2024-05-16,27.2,34.2,30.4,73.0,0.2,4.5,5.0,360.0,1.0,1,0.0,0.0
2024-05-17,26.9,34.6,30.4,70.0,0.2,5.5,3.0,70.0,1.0,1,0.0,0.0
2024-05-18,27.4,34.8,30.6,69.0,0.0,4.5,4.0,350.0,1.0,1,0.0,0.0
2024-05-19,27.0,33.2,30.3,70.0,1.5,4.5,4.0,340.0,1.0,1,0.0,0.0
2024-05-20,27.4,34.4,30.6,68.0,1.1,6.5,2.0,110.0,1.0,1,0.0,0.0
2024-05-21,27.4,33.0,30.5,70.0,0.0,3.4,6.0,310.0,1.0,1,0.0,0.0
2024-05-22,28.0,33.8,30.6,72.0,0.0,5.2,5.0,360.0,2.0,1,0.0,0.0
2024-05-23,28.0,32.0,28.9,81.0,2.1,3.2,5.0,360.0,1.0,1,0.0,0.0
2024-05-24,26.0,33.4,29.3,78.0,11.6,0.0,3.0,360.0,1.0,1,0.0,0.0
2024-05-25,26.6,33.0,27.2,86.0,3.5,4.0,3.0,110.0,1.0,1,0.0,0.0
2024-05-26,26.4,33.0,29.5,77.0,2.1,0.0,4.0,350.0,1.0,1,0.0,0.0
2024-05-27,26.8,35.6,31.0,70.0,8.2,0.4,4.0,350.0,1.0,1,0.0,0.0
2024-05-28,27.0,34.0,30.7,74.0,0.8,6.0,9.0,360.0,2.0,1,0.0,0.0
2024-05-29,28.0,34.2,30.8,73.0,0.0,6.4,3.0,360.0,1.0,1,0.0,0.0
2024-05-30,28.0,33.4,30.6,74.0,0.0,4.4,2.0,130.0,1.0,1,0.0,0.0
2024-05-31,28.0,34.6,30.8,74.0,0.1,5.2,4.0,340.0,1.0,1,0.0,0.0
2024-06-01,26.6,33.0,29.7,76.0,1.2,2.8,3.0,130.0,1.0,1,0.0,0.0
2024-06-02,26.4,33.6,29.7,78.0,10.2,1.0,3.0,350.0,0.0,1,0.0,0.0
2024-06-03,25.9,33.8,28.8,82.0,1.5,1.5,2.0,320.0,0.0,1,0.0,0.0
2024-06-04,27.2,33.4,29.6,78.0,2.1,0.4,3.0,280.0,1.0,1,0.0,0.0
2024-06-05,27.0,33.4,30.0,72.0,0.0,3.0,3.0,320.0,1.0,1,0.0,0.0
2024-06-06,26.6,35.6,30.7,68.0,0.3,6.0,4.0,310.0,1.0,1,0.0,0.0
2024-06-07,27.0,33.2,29.9,73.0,0.7,6.6,8.0,360.0,2.0,1,0.0,0.0
2024-06-08,27.2,33.8,30.5,72.0,0.9,6.0,4.0,80.0,2.0,0,1.0,0.0
2024-06-09,27.6,33.4,29.6,75.0,0.0,6.8,5.0,310.0,1.0,1,0.0,0.0
2024-06-10,27.0,34.0,30.7,73.0,0.0,3.6,6.0,360.0,1.0,1,0.0,0.0
2024-06-11,27.0,33.4,28.4,85.0,1.7,4.2,3.0,310.0,1.0,1,0.0,0.0
2024-06-12,26.0,32.2,28.9,79.0,12.9,3.2,3.0,360.0,0.0,1,0.0,0.0
2024-06-13,26.0,32.6,29.0,78.0,0.0,3.0,3.0,360.0,1.0,1,0.0,0.0
2024-06-14,25.6,33.6,29.7,75.0,10.1,1.0,7.0,360.0,2.0,1,0.0,0.0
2024-06-15,26.0,33.2,28.9,78.0,10.7,6.8,5.0,340.0,2.0,0,-0.7,0.7
2024-06-16,24.2,30.4,28.2,82.0,65.6,3.0,3.0,310.0,1.0,1,0.0,0.0
2024-06-17,25.0,32.4,29.7,75.0,0.0,1.7,5.0,320.0,2.0,1,0.0,0.0
2024-06-18,27.2,32.6,29.3,77.0,0.0,6.7,8.0,360.0,2.0,1,0.0,0.0
2024-06-19,26.0,33.8,29.8,71.0,8.6,0.5,3.0,360.0,1.0,1,0.0,0.0
2024-06-20,25.8,33.6,29.7,66.0,2.8,7.0,5.0,360.0,1.0,1,0.0,0.0
2024-06-21,26.8,34.2,29.8,70.0,0.0,7.0,3.0,320.0,1.0,1,0.0,0.0
2024-06-22,27.0,33.4,29.2,72.0,0.0,6.7,5.0,360.0,1.0,1,0.0,0.0
2024-06-23,26.1,34.4,30.2,62.0,5.8,0.8,3.0,70.0,1.0,1,0.0,0.0
2024-06-24,26.4,33.4,29.9,72.0,0.3,7.0,4.0,70.0,1.0,1,0.0,0.0
2024-06-25,27.2,32.4,27.3,83.0,0.0,3.8,3.0,30.0,1.0,1,0.0,0.0
2024-06-26,25.4,34.4,29.8,75.0,24.0,2.0,4.0,350.0,1.0,1,0.0,0.0
2024-06-27,26.0,33.2,29.7,77.0,7.1,7.0,3.0,20.0,1.0,1,0.0,0.0
2024-06-28,27.4,33.4,29.6,78.0,2.5,5.5,5.0,300.0,1.0,1,0.0,0.0
2024-06-29,27.0,33.3,28.8,82.0,7.7,6.5,4.0,320.0,1.0,1,0.0,0.0
2024-06-30,25.4,33.0,29.4,76.0,3.0,0.6,7.0,330.0,2.0,1,0.0,0.0
2024-07-01,26.0,32.0,29.0,77.0,0.9,6.0,4.0,310.0,1.0,1,0.0,0.0
2024-07-01,26.0,32.0,27.9,83.0,0.0,3.4,4.6,275.6,1.1,1,0.0,0.0
2024-07-02,25.6,30.8,28.5,81.0,0.6,2.5,4.0,310.0,0.0,1,0.0,0.0
2024-07-02,26.4,32.7,28.7,82.0,0.0,3.2,4.6,303.7,1.0,1,0.0,0.0
2024-07-03,26.6,32.4,28.1,79.0,0.0,1.3,6.0,360.0,1.0,1,0.0,0.0
2024-07-03,26.2,32.0,28.5,79.0,0.0,3.8,3.6,300.8,1.0,1,0.0,0.0
2024-07-04,25.3,31.8,27.8,84.0,7.3,1.9,4.4,302.4,1.2,1,0.0,0.0
2024-07-04,25.6,32.6,27.1,84.0,2.5,5.8,5.0,360.0,1.0,1,0.0,0.0
2024-07-05,26.4,32.3,28.6,81.0,0.1,4.3,3.9,298.9,1.0,1,0.0,0.0
2024-07-05,24.6,32.2,27.0,84.0,14.5,1.6,4.0,140.0,1.0,1,0.0,0.0
2024-07-06,25.3,30.9,26.2,90.0,10.1,2.4,4.5,300.6,0.8,1,0.0,0.0
2024-07-06,24.6,28.4,24.8,92.0,15.3,4.2,3.0,120.0,0.0,1,0.0,0.0
2024-07-07,23.6,30.4,27.4,81.0,49.3,0.5,3.0,140.0,0.0,1,0.0,0.0
2024-07-07,24.9,31.9,28.1,82.0,28.5,1.7,4.2,290.4,1.0,1,0.0,0.0
2024-07-08,26.8,33.6,29.4,73.6,0.0,4.9,4.0,360.0,1.0,1,0.0,0.0
2024-07-08,26.8,33.2,29.5,76.4,0.3,5.3,4.2,304.7,1.0,1,0.0,0.0
2024-07-09,24.8,31.6,28.1,83.0,54.0,7.0,5.0,310.0,1.0,1,0.0,0.0
2024-07-09,25.3,29.4,25.3,91.0,20.6,3.1,4.0,261.1,0.3,1,0.0,0.0
2024-07-10,25.0,33.2,28.7,76.0,1.6,2.0,4.0,360.0,1.0,1,0.0,0.0
2024-07-10,26.0,31.2,27.4,88.0,0.0,2.3,4.2,258.5,1.1,1,0.0,0.0
2024-07-11,26.2,33.2,28.6,76.0,0.0,5.3,3.0,310.0,1.0,1,0.0,0.0
2024-07-11,25.7,32.1,27.4,84.0,1.2,3.1,4.5,283.9,1.0,1,0.0,0.0
2024-07-12,25.9,32.2,27.9,82.0,0.0,3.2,4.5,277.3,1.0,1,0.0,0.0
2024-07-12,26.0,33.4,28.8,67.0,0.0,6.8,7.0,360.0,2.0,1,0.0,0.0
2024-07-13,24.0,32.8,28.3,67.0,0.0,5.5,3.0,10.0,1.0,1,0.0,0.0
2024-07-13,26.3,31.4,28.2,91.0,0.0,2.3,4.0,238.8,0.8,1,0.0,0.0
2024-07-14,26.0,31.1,27.5,91.0,0.0,2.5,4.0,235.4,0.7,1,0.0,0.0
2024-07-14,25.0,32.0,28.0,66.0,0.0,6.5,3.0,80.0,1.0,1,0.0,0.0
2024-07-15,24.2,32.8,27.4,68.0,0.0,7.0,4.0,330.0,1.0,1,0.0,0.0
2024-07-15,25.9,32.0,27.7,81.0,0.0,2.8,4.3,274.7,1.0,1,0.0,0.0
2024-07-16,24.2,34.6,28.6,66.0,0.0,7.0,5.0,350.0,1.0,1,0.0,0.0
2024-07-16,25.9,32.0,27.3,82.0,0.0,3.0,4.4,275.1,1.0,1,0.0,0.0
2024-07-17,24.0,33.2,28.5,72.0,0.0,7.0,4.0,50.0,2.0,0,1.0,0.0
2024-07-17,26.0,32.0,28.0,79.0,0.0,2.7,4.0,273.9,1.0,1,0.0,0.0
2024-07-18,26.0,33.0,29.5,69.0,0.0,6.5,4.0,360.0,2.0,1,0.0,0.0
2024-07-18,26.4,32.4,28.7,80.0,0.0,3.8,4.1,302.2,1.0,1,0.0,0.0
2024-07-19,26.6,33.4,29.2,69.0,0.0,4.8,4.0,50.0,1.0,1,0.0,0.0
2024-07-19,26.2,32.0,28.4,79.0,0.0,3.7,3.7,297.7,1.0,1,0.0,0.0
2024-07-20,25.6,33.4,28.6,67.0,0.0,4.4,4.0,360.0,2.0,1,0.0,0.0
2024-07-20,26.1,32.9,28.6,77.0,0.0,4.8,3.7,290.8,1.0,1,0.0,0.0
2024-07-21,26.0,34.4,29.4,67.0,0.0,7.0,5.0,350.0,1.0,1,0.0,0.0
2024-07-21,26.2,32.0,28.4,81.0,0.0,4.4,3.7,296.5,1.0,1,0.0,0.0
2024-07-22,25.0,33.6,28.7,73.0,0.0,6.0,4.0,360.0,1.0,1,0.0,0.0
2024-07-22,26.6,33.0,29.4,77.0,0.0,3.6,4.3,257.5,1.1,1,0.0,0.0
2024-07-23,26.6,32.6,28.9,66.0,0.0,6.6,5.0,320.0,2.0,1,0.0,0.0
2024-07-23,26.9,32.6,29.1,80.0,0.0,4.1,4.1,284.7,1.0,1,0.0,0.0
2024-07-24,26.4,32.8,29.0,75.0,0.0,5.6,4.1,295.2,1.0,1,0.0,0.0
2024-07-24,26.8,32.6,29.0,70.0,0.0,6.4,4.0,300.0,1.0,1,0.0,0.0
2024-07-25,26.1,32.8,28.7,74.0,0.0,5.8,4.1,306.3,1.0,1,0.0,0.0
2024-07-25,25.0,32.0,28.4,72.0,0.0,3.2,3.0,310.0,1.0,1,0.0,0.0
2024-07-26,26.1,32.4,28.3,78.0,0.0,1.8,4.2,256.7,1.0,1,0.0,0.0
2024-07-26,26.2,33.2,28.9,71.0,0.0,3.6,4.0,360.0,1.0,1,0.0,0.0
2024-07-27,26.0,32.0,28.1,78.0,0.0,2.7,4.0,273.7,1.0,1,0.0,0.0
2024-07-27,26.4,34.4,29.5,69.0,0.0,4.2,5.0,360.0,1.0,1,0.0,0.0
2024-07-28,25.0,32.4,29.0,72.0,0.0,6.5,3.0,330.0,1.0,1,0.0,0.0
2024-07-28,26.1,32.9,28.7,78.0,0.0,2.3,4.3,273.2,1.0,1,0.0,0.0
2024-07-29,26.4,34.0,29.3,68.0,0.0,6.2,3.0,70.0,1.0,1,0.0,0.0
2024-07-29,26.1,32.9,28.7,78.0,0.0,2.3,4.3,273.2,1.0,1,0.0,0.0
2024-07-30,26.2,32.5,28.8,78.0,0.0,3.1,4.3,297.5,1.0,1,0.0,0.0
2024-07-30,26.2,33.6,29.3,69.0,0.0,6.5,7.0,360.0,1.0,1,0.0,0.0
2024-07-31,26.8,33.6,29.4,72.0,0.0,7.0,3.0,340.0,1.0,1,0.0,0.0
2024-07-31,26.4,32.7,29.0,77.0,0.0,5.3,3.9,297.6,1.0,1,0.0,0.0
2024-08-01,27.2,33.0,28.7,77.0,0.0,7.0,7.0,360.0,2.0,1,0.0,0.0
2024-08-02,25.0,32.6,28.8,75.0,7.1,0.6,5.0,320.0,1.0,1,0.0,0.0
2024-08-03,25.4,33.6,28.6,78.0,2.6,5.4,3.0,40.0,1.0,1,0.0,0.0
2024-08-04,26.6,33.4,29.3,75.0,0.0,7.0,5.0,10.0,1.0,1,0.0,0.0
2024-08-05,26.2,31.6,28.5,74.0,5.0,7.1,6.0,320.0,2.0,1,0.0,0.0
2024-08-06,26.2,33.8,29.2,69.0,0.0,2.5,5.0,360.0,1.0,1,0.0,0.0
2024-08-07,25.0,33.2,28.9,72.0,0.0,7.0,7.0,330.0,1.0,1,0.0,0.0
2024-08-08,27.0,33.6,29.4,68.0,0.0,7.0,3.0,110.0,1.0,1,0.0,0.0
2024-08-09,27.0,35.2,29.7,70.0,0.0,2.5,3.0,360.0,1.0,1,0.0,0.0
2024-08-10,25.0,33.8,29.5,72.0,0.0,7.0,3.0,20.0,1.0,1,0.0,0.0
2024-08-11,26.6,31.8,29.1,71.0,0.0,7.2,8.0,340.0,2.0,1,0.0,0.0
2024-08-12,26.6,33.0,29.0,62.0,0.0,5.4,5.0,320.0,1.0,1,0.0,0.0
2024-08-13,24.8,34.8,29.0,61.0,0.0,5.3,3.0,130.0,1.0,1,0.0,0.0
2024-08-14,25.0,34.4,29.3,68.0,0.0,7.3,2.0,110.0,1.0,0,1.0,0.0
2024-08-15,26.2,33.4,29.2,69.0,0.0,7.3,6.0,320.0,1.0,1,0.0,0.0
2024-08-16,27.0,33.4,29.0,69.0,0.0,6.5,4.0,290.0,1.0,1,0.0,0.0
2024-08-17,27.0,33.2,29.4,69.0,0.0,4.5,5.0,320.0,1.0,1,0.0,0.0
2024-08-18,25.0,33.6,29.0,72.0,0.0,4.0,4.0,330.0,1.0,1,0.0,0.0
2024-08-19,26.6,32.6,29.1,73.0,0.0,7.2,4.0,320.0,1.0,1,0.0,0.0
2024-08-20,26.4,33.4,28.8,76.0,0.0,7.5,6.0,320.0,1.0,1,0.0,0.0
2024-08-21,26.8,33.6,29.1,74.0,0.0,6.0,5.0,330.0,1.0,1,0.0,0.0
2024-08-22,25.0,33.4,29.1,73.0,0.0,6.8,4.0,310.0,1.0,1,0.0,0.0
2024-08-23,26.6,32.0,28.8,76.0,0.0,6.0,4.0,280.0,1.0,1,0.0,0.0
2024-08-24,26.4,32.6,28.5,73.0,0.0,6.0,5.0,360.0,1.0,1,0.0,0.0
2024-08-25,26.6,33.6,28.7,68.0,0.0,7.0,7.0,350.0,1.0,1,0.0,0.0
2024-08-26,26.0,32.8,29.4,70.0,0.0,7.0,6.0,320.0,2.0,1,0.0,0.0
2024-08-27,26.6,33.4,29.1,71.0,0.0,7.4,6.0,340.0,1.0,1,0.0,0.0
2024-08-28,26.8,33.4,28.7,64.0,0.0,7.5,7.0,330.0,2.0,1,0.0,0.0
2024-08-29,27.0,33.6,30.4,65.0,0.0,7.0,5.0,320.0,1.0,1,0.0,0.0
2024-08-30,25.0,33.2,28.8,67.0,0.0,4.2,6.0,330.0,1.0,1,0.0,0.0
2024-08-31,26.4,33.4,28.6,70.0,0.0,3.5,6.0,320.0,1.0,1,0.0,0.0
2024-09-01,26.6,33.4,29.0,71.0,0.0,8.0,4.0,330.0,1.0,1,0.0,0.0
2024-09-02,27.0,33.6,30.0,74.0,0.0,7.0,3.0,300.0,0.0,1,0.0,0.0
2024-09-03,26.0,33.0,29.3,72.0,0.0,6.9,5.0,330.0,2.0,1,0.0,0.0
2024-09-04,27.2,34.6,30.1,64.0,0.0,6.2,3.0,50.0,1.0,1,0.0,0.0
2024-09-05,27.6,33.4,30.1,66.0,0.0,7.0,4.0,300.0,1.0,1,0.0,0.0
2024-09-06,27.6,35.4,30.6,67.0,0.0,6.8,3.0,330.0,1.0,1,0.0,0.0
2024-09-07,26.0,35.2,30.4,64.0,0.0,7.0,4.0,120.0,2.0,1,0.0,0.0
2024-09-08,27.4,34.8,30.1,67.0,0.0,8.0,12.0,330.0,2.0,1,0.0,0.0
2024-09-09,28.0,33.0,28.6,74.0,0.0,7.9,8.0,320.0,2.0,1,0.0,0.0
2024-09-10,25.8,31.6,28.0,80.0,22.4,6.5,4.0,320.0,1.0,1,0.0,0.0
2024-09-11,25.0,34.2,29.6,67.0,0.0,1.6,5.0,120.0,1.0,1,0.0,0.0
2024-09-12,26.8,32.8,28.9,74.0,0.0,4.1,6.0,230.0,2.0,1,0.0,0.0
2024-09-13,24.0,32.4,27.6,79.0,48.7,4.9,7.0,90.0,1.0,1,0.0,0.0
2024-09-14,25.0,33.6,28.9,66.0,0.0,5.8,7.0,340.0,1.0,1,0.0,0.0
2024-09-15,25.0,33.6,28.8,69.0,0.0,5.0,4.0,340.0,1.0,1,0.0,0.0
2024-09-16,26.2,33.6,29.0,67.0,0.0,7.9,5.0,310.0,2.0,1,0.0,0.0
2024-09-17,26.8,33.6,28.8,65.0,0.0,6.5,4.0,310.0,2.0,0,-0.7,0.7
2024-09-18,26.0,33.2,28.3,67.0,0.0,5.0,8.0,320.0,2.0,1,0.0,0.0
2024-09-19,25.0,32.6,28.5,62.0,0.0,7.9,4.0,320.0,1.0,1,0.0,0.0
2024-09-20,26.4,32.6,29.1,71.0,0.0,8.0,5.0,320.0,1.0,1,0.0,0.0
2024-09-21,27.0,33.2,29.4,71.0,0.0,7.6,4.0,360.0,2.0,1,0.0,0.0
2024-09-22,27.2,34.4,29.8,76.0,0.0,8.0,5.0,340.0,1.0,1,0.0,0.0
2024-09-23,26.0,33.4,29.9,76.0,0.0,3.6,3.0,120.0,1.0,1,0.0,0.0
2024-09-24,26.4,33.4,28.0,82.0,0.0,4.5,5.0,150.0,1.0,1,0.0,0.0
2024-09-25,26.4,33.4,27.3,80.0,2.0,2.3,5.0,320.0,1.0,1,0.0,0.0
2024-09-26,23.6,33.0,27.6,81.0,44.4,6.2,8.0,300.0,1.0,1,0.0,0.0
2024-09-27,25.0,33.6,28.7,81.0,55.0,6.0,3.0,80.0,0.0,1,0.0,0.0
2024-09-28,25.6,34.6,30.6,73.0,0.0,8.0,5.0,60.0,2.0,1,0.0,0.0
2024-09-29,27.6,34.4,30.1,73.0,0.0,6.3,3.0,120.0,1.0,1,0.0,0.0
2024-09-30,27.2,34.6,30.1,71.0,0.0,7.0,3.0,70.0,1.0,1,0.0,0.0
2024-11-01,27.4,35.0,30.3,68.0,0.0,6.3,3.0,330.0,1.0,1,0.0,0.0
2024-11-02,26.0,34.6,28.9,79.0,0.0,2.6,10.0,320.0,2.0,1,0.0,0.0
2024-11-03,25.6,32.8,27.7,79.0,24.5,6.2,5.0,320.0,1.0,1,0.0,0.0
2024-11-04,25.0,31.4,27.6,82.0,18.4,5.1,3.0,30.0,1.0,1,0.0,0.0
2024-11-05,25.2,33.6,28.6,78.0,0.0,2.8,6.0,320.0,2.0,1,0.0,0.0
2024-11-06,25.0,33.4,29.3,73.0,14.5,6.0,5.0,100.0,1.0,1,0.0,0.0
2024-11-07,26.8,33.4,29.5,75.0,0.0,3.5,4.0,300.0,1.0,1,0.0,0.0
2024-11-08,26.8,33.8,30.0,70.0,0.0,3.5,4.0,300.0,1.0,1,0.0,0.0
2024-11-09,27.8,33.6,29.1,76.0,0.0,5.7,3.0,320.0,1.0,1,0.0,0.0
2024-11-10,25.0,33.2,28.7,77.0,0.0,4.9,4.0,300.0,1.0,1,0.0,0.0
2024-11-11,27.2,33.4,28.6,79.0,0.0,3.3,5.0,330.0,1.0,1,0.0,0.0
2024-11-12,25.4,31.8,28.3,80.0,5.6,2.8,3.0,320.0,1.0,1,0.0,0.0
2024-11-13,26.4,34.8,29.6,74.0,1.2,2.4,5.0,310.0,1.0,1,0.0,0.0
2024-11-14,26.0,34.6,30.0,76.0,0.0,4.6,5.0,320.0,1.0,1,0.0,0.0
2024-11-15,27.2,34.4,30.0,73.0,0.0,5.0,4.0,10.0,1.0,1,0.0,0.0
2024-11-16,27.8,32.4,28.6,84.0,1.0,3.5,4.0,320.0,1.0,1,0.0,0.0
2024-11-17,26.2,33.6,29.6,78.0,7.2,1.2,5.0,310.0,1.0,1,0.0,0.0
2024-11-18,26.0,32.8,28.6,83.0,17.8,3.4,6.0,320.0,2.0,1,0.0,0.0
2024-11-19,26.8,34.0,29.2,78.0,0.0,5.8,5.0,320.0,1.0,1,0.0,0.0
2024-11-20,26.2,33.6,29.5,75.0,8.0,4.4,4.0,250.0,1.0,1,0.0,0.0
2024-11-21,26.8,33.2,29.7,75.0,0.0,4.2,7.0,330.0,1.0,1,0.0,0.0
2024-11-22,25.0,34.4,29.4,74.0,0.0,5.6,6.0,270.0,2.0,1,0.0,0.0
2024-11-23,26.6,34.4,29.0,77.0,0.0,5.5,3.0,270.0,1.0,1,0.0,0.0
2024-11-24,26.4,35.2,29.6,73.0,0.0,2.4,5.0,310.0,1.0,1,0.0,0.0
2024-11-25,27.0,34.0,30.1,72.0,0.0,3.8,6.0,250.0,2.0,1,0.0,0.0
2024-11-26,26.0,34.0,28.9,76.0,0.0,3.1,5.0,330.0,1.0,1,0.0,0.0
2024-11-27,27.2,32.6,29.0,79.0,1.6,5.5,6.0,340.0,1.0,1,0.0,0.0
2024-11-28,25.4,33.8,29.4,72.0,50.0,2.3,5.0,240.0,2.0,0,-1.0,-0.0
2024-11-29,26.4,35.0,29.8,67.0,0.6,2.0,10.0,260.0,2.0,1,0.0,0.0
2024-11-30,25.0,35.2,30.4,66.0,0.0,0.9,5.0,230.0,2.0,0,-1.0,-0.0
2024-12-01,27.6,35.4,30.4,68.0,0.6,2.5,6.0,220.0,3.0,0,-0.7,-0.7
2024-12-02,26.4,35.2,29.3,72.0,5.0,6.8,8.0,100.0,3.0,0,-1.0,-0.0
2024-12-03,26.0,31.4,27.3,79.0,26.0,1.4,6.0,270.0,2.0,1,0.0,0.0
2024-12-04,25.0,30.0,27.1,83.0,4.0,0.5,5.0,250.0,2.0,0,-1.0,-0.0
2024-12-05,25.0,32.2,27.7,82.0,10.4,0.0,5.0,260.0,1.0,1,0.0,0.0
2024-12-06,25.2,29.6,27.1,86.0,48.2,1.5,3.0,200.0,0.0,1,0.0,0.0
2024-12-07,25.4,31.6,27.7,87.0,17.5,0.2,3.0,330.0,0.0,1,0.0,0.0
2024-12-08,25.0,32.0,28.2,82.0,30.4,1.4,5.0,320.0,1.0,1,0.0,0.0
2024-12-09,26.0,32.0,27.5,85.0,0.0,1.5,3.0,30.0,0.0,1,0.0,0.0
2024-12-10,25.4,31.8,27.7,82.0,26.0,0.0,6.0,260.0,3.0,0,-1.0,-0.0
2024-12-11,26.4,33.8,29.7,71.0,0.7,0.3,5.0,320.0,1.0,1,0.0,0.0
2024-12-12,25.0,34.4,29.7,69.0,1.0,2.4,6.0,250.0,2.0,0,-1.0,-0.0
2024-12-13,27.2,32.4,30.1,68.0,0.0,4.0,4.0,320.0,1.0,1,0.0,0.0
2024-12-14,27.0,32.2,28.4,75.0,0.0,3.1,7.0,220.0,2.0,0,-1.0,-0.0
2024-12-15,27.2,32.8,28.3,78.0,0.0,0.2,3.0,300.0,1.0,1,0.0,0.0
2024-12-16,25.2,31.0,28.4,79.0,18.5,0.3,4.0,220.0,1.0,1,0.0,0.0
2024-12-17,25.4,32.2,28.3,82.0,6.5,0.5,3.0,180.0,1.0,1,0.0,0.0
2024-12-18,25.4,33.4,29.1,72.0,17.3,2.0,4.0,300.0,2.0,0,-1.0,-0.0
2024-12-19,26.0,32.0,28.1,82.0,1.2,4.2,5.0,220.0,1.0,1,0.0,0.0
2024-12-20,25.0,32.0,28.1,82.0,56.0,1.9,3.0,230.0,1.0,1,0.0,0.0
2024-12-21,25.6,31.4,28.1,81.0,10.2,2.6,6.0,270.0,2.0,1,0.0,0.0
2024-12-22,25.6,30.6,27.8,87.0,19.0,1.6,4.0,330.0,1.0,1,0.0,0.0
2024-12-23,26.0,30.0,26.9,93.0,43.8,2.5,4.0,300.0,1.0,1,0.0,0.0
2024-12-24,24.4,31.4,28.0,79.0,17.0,0.0,3.0,330.0,1.0,1,0.0,0.0
2024-12-25,25.4,31.4,27.9,86.0,3.4,0.6,3.0,280.0,1.0,1,0.0,0.0
2024-12-26,26.0,33.6,29.4,74.0,8.2,0.0,6.0,240.0,1.0,1,0.0,0.0
2024-12-27,25.2,32.4,29.2,78.0,0.0,1.2,5.0,280.0,2.0,1,0.0,0.0
2024-12-28,27.2,34.2,30.0,70.0,0.0,3.8,4.0,300.0,2.0,1,0.0,0.0
2024-12-29,27.8,33.0,29.7,73.0,0.0,3.0,3.0,270.0,1.0,1,0.0,0.0
2024-12-30,24.8,32.4,28.4,76.0,1.0,1.8,6.0,240.0,2.0,0,-0.7,-0.7
2024-12-31,25.2,32.4,28.4,76.0,1.6,2.4,5.0,270.0,2.0,0,-1.0,-0.0
2025-01-01,26.4,32.4,29.1,75.0,0.0,5.6,5.0,290.0,2.0,0,-1.0,-0.0
2025-01-02,27.0,33.0,29.2,75.0,0.0,2.5,7.0,300.0,1.0,1,0.0,0.0
2025-01-03,25.0,32.0,28.5,76.0,0.0,6.9,13.0,31.0,2.0,1,0.0,0.0
2025-01-04,26.6,34.6,30.1,65.0,0.0,2.4,4.0,260.0,1.0,1,0.0,0.0
2025-01-05,26.0,34.2,28.7,78.0,0.0,2.1,4.0,250.0,1.0,1,0.0,0.0
2025-01-06,25.2,33.4,28.6,77.0,18.4,3.4,5.0,300.0,1.0,1,0.0,0.0
2025-01-07,26.0,33.4,29.3,75.0,0.0,5.5,5.0,310.0,2.0,1,0.0,0.0
2025-01-08,25.2,32.4,28.1,83.0,9.0,1.7,5.0,320.0,1.0,1,0.0,0.0
2025-01-09,24.2,30.4,26.5,88.0,71.0,3.9,3.0,250.0,1.0,1,0.0,0.0
2025-01-10,24.8,32.2,28.6,78.0,6.5,0.2,6.0,280.0,1.0,1,0.0,0.0
2025-01-11,24.8,31.6,27.9,83.0,23.2,1.6,4.0,260.0,1.0,1,0.0,0.0
2025-01-12,25.0,33.2,28.9,73.0,2.0,3.7,4.0,250.0,1.0,1,0.0,0.0
2025-01-13,26.8,31.0,28.5,79.0,0.0,3.0,4.0,280.0,2.0,0,-1.0,-0.0
2025-01-14,26.6,30.0,26.9,88.0,29.2,1.8,5.0,320.0,1.0,1,0.0,0.0
2025-01-15,24.2,33.0,28.3,79.0,18.0,0.3,5.0,300.0,2.0,0,-0.7,-0.7
2025-01-16,24.0,31.2,29.1,75.0,0.0,4.1,4.0,220.0,2.0,0,-1.0,-0.0
2025-01-17,27.0,32.0,28.8,79.0,0.0,2.5,4.0,280.0,1.0,1,0.0,0.0
2025-01-18,24.0,32.0,27.0,86.0,38.5,4.2,3.0,260.0,1.0,1,0.0,0.0
2025-01-19,24.6,32.0,29.3,75.0,6.4,1.5,5.0,310.0,2.0,0,-1.0,-0.0
2025-01-20,24.4,31.0,25.7,92.0,29.2,5.8,3.0,270.0,1.0,1,0.0,0.0
2025-01-21,24.0,30.4,26.8,87.0,60.0,0.3,4.0,290.0,1.0,1,0.0,0.0
2025-01-22,24.6,31.4,27.4,82.0,22.1,0.2,3.0,280.0,1.0,1,0.0,0.0
2025-01-23,25.0,31.8,28.2,78.0,0.0,1.2,3.0,280.0,1.0,1,0.0,0.0
2025-01-24,25.0,31.2,28.1,81.0,0.0,1.1,3.0,250.0,1.0,1,0.0,0.0
2025-01-25,25.6,32.0,27.3,83.0,2.0,2.0,4.0,280.0,1.0,1,0.0,0.0
2025-01-26,26.0,32.8,28.4,80.0,0.0,1.2,4.0,230.0,1.0,1,0.0,0.0
2025-01-27,25.0,30.6,28.0,77.0,0.5,3.8,3.0,230.0,1.0,1,0.0,0.0
2025-01-28,26.4,28.4,27.2,86.0,0.0,0.0,3.0,310.0,1.0,1,0.0,0.0
2025-01-29,23.8,29.8,26.9,85.0,184.8,0.0,6.0,260.0,2.0,0,-1.0,-0.0
2025-01-30,24.2,30.2,27.5,80.0,8.3,0.0,5.0,290.0,2.0,1,0.0,0.0
2025-01-31,24.4,31.4,27.6,84.0,9.5,4.7,6.0,260.0,2.0,0,-1.0,-0.0
2025-02-01,25.4,31.0,28.4,78.0,1.0,2.2,3.0,280.0,1.0,0,-1.0,-0.0
2025-02-02,25.0,30.4,28.5,82.0,1.3,1.0,5.0,330.0,2.0,0,-0.7,0.7
2025-02-03,27.4,30.4,28.8,79.0,0.0,1.6,3.0,30.0,1.0,1,0.0,0.0
2025-02-04,26.8,31.6,28.2,83.0,0.0,0.0,6.0,230.0,1.0,1,0.0,0.0
2025-02-05,25.0,31.4,28.1,78.0,1.0,0.0,6.0,270.0,2.0,0,-1.0,-0.0
2025-02-06,26.2,31.2,28.5,77.0,13.8,6.5,5.0,300.0,2.0,1,0.0,0.0
2025-02-07,25.0,31.4,28.1,82.0,8.4,2.0,4.0,320.0,1.0,1,0.0,0.0
2025-02-08,23.6,31.8,26.9,84.0,75.3,4.6,3.0,250.0,1.0,1,0.0,0.0
2025-02-09,25.0,30.4,28.2,79.0,0.3,1.8,5.0,280.0,1.0,1,0.0,0.0
2025-02-10,26.2,31.0,27.9,80.0,1.7,4.8,3.0,280.0,1.0,1,0.0,0.0
2025-02-11,25.0,31.4,28.2,82.0,1.1,2.6,4.0,300.0,1.0,1,0.0,0.0
2025-02-12,26.2,33.4,28.7,81.0,0.8,3.4,4.0,320.0,1.0,1,0.0,0.0
2025-02-13,26.2,35.6,30.4,70.0,0.0,6.4,4.0,280.0,1.0,1,0.0,0.0
2025-02-14,25.2,33.4,29.2,76.0,0.0,7.4,7.0,250.0,2.0,0,-0.7,-0.7
2025-02-15,27.0,30.4,28.6,79.0,1.0,3.7,5.0,280.0,1.0,1,0.0,0.0
2025-02-16,27.0,32.6,28.8,78.0,1.6,6.1,4.0,220.0,1.0,1,0.0,0.0
2025-02-17,25.0,32.0,26.6,89.0,0.6,2.3,2.0,230.0,1.0,1,0.0,0.0
2025-02-18,24.8,32.0,27.0,86.0,27.9,0.2,5.0,270.0,1.0,1,0.0,0.0
2025-02-19,25.2,31.0,27.4,85.0,5.0,0.5,3.0,240.0,1.0,1,0.0,0.0
2025-02-20,24.0,31.6,27.2,83.0,18.6,3.8,6.0,290.0,1.0,1,0.0,0.0
2025-02-21,24.2,31.4,28.5,79.0,0.0,6.7,5.0,290.0,2.0,1,0.0,0.0
2025-02-22,26.6,30.0,27.6,85.0,2.0,1.6,3.0,340.0,1.0,1,0.0,0.0
2025-02-23,24.0,29.4,27.1,85.0,5.5,0.2,3.0,310.0,1.0,1,0.0,0.0
2025-02-24,24.2,31.2,27.3,87.0,87.7,0.4,4.0,270.0,1.0,1,0.0,0.0
2025-02-25,25.2,32.0,28.0,80.0,0.2,3.5,4.0,340.0,1.0,1,0.0,0.0
2025-02-26,25.0,30.0,27.6,82.0,0.0,2.4,2.0,300.0,1.0,1,0.0,0.0
2025-02-27,26.0,31.4,28.2,81.0,0.0,0.6,4.0,230.0,1.0,1,0.0,0.0
2025-02-28,25.4,32.6,28.5,80.0,8.4,6.2,4.0,300.0,1.0,1,0.0,0.0
2025-03-01,25.0,32.0,28.6,79.0,2.0,5.3,3.0,340.0,1.0,1,0.0,0.0
2025-03-02,26.4,32.0,28.9,81.0,0.0,8.0,5.0,300.0,2.0,1,0.0,0.0
2025-03-03,25.8,32.6,28.5,81.0,0.0,4.4,3.0,50.0,1.0,1,0.0,0.0
2025-03-04,24.2,30.6,27.5,83.0,40.5,0.0,3.0,300.0,1.0,1,0.0,0.0
2025-03-05,25.4,33.4,28.9,78.0,15.9,0.0,3.0,320.0,1.0,1,0.0,0.0
2025-03-06,26.2,34.0,29.6,76.0,0.0,2.4,5.0,300.0,1.0,1,0.0,0.0
2025-03-07,24.2,33.2,29.3,72.0,9.1,0.4,4.0,250.0,1.0,1,0.0,0.0
2025-03-08,26.4,32.4,28.4,78.0,3.0,0.0,5.0,310.0,2.0,1,0.0,0.0
2025-03-09,26.0,32.8,28.7,78.0,3.7,0.0,4.0,290.0,1.0,1,0.0,0.0
2025-03-10,25.0,31.2,28.5,78.0,0.0,0.0,3.0,100.0,1.0,1,0.0,0.0
2025-03-11,26.4,32.2,28.8,78.0,0.0,1.2,5.0,290.0,1.0,1,0.0,0.0
2025-03-12,26.6,33.6,29.6,74.0,0.0,3.2,4.0,300.0,1.0,1,0.0,0.0
2025-03-13,25.0,32.4,29.4,76.0,0.0,3.7,5.0,280.0,1.0,1,0.0,0.0
2025-03-14,26.6,34.6,29.0,73.0,0.0,2.5,5.0,300.0,2.0,0,-1.0,-0.0
2025-03-15,26.0,32.6,28.6,74.0,1.3,6.0,5.0,240.0,1.0,1,0.0,0.0
2025-03-16,24.0,33.6,29.3,72.0,0.6,2.0,5.0,250.0,2.0,1,0.0,0.0
2025-03-17,27.0,31.2,28.5,80.0,0.0,4.2,5.0,310.0,1.0,1,0.0,0.0
2025-03-18,24.4,31.6,28.1,80.0,23.1,2.2,4.0,300.0,1.0,1,0.0,0.0
2025-03-19,24.2,33.4,28.5,78.0,1.3,1.4,4.0,290.0,2.0,0,-1.0,-0.0
2025-03-20,25.0,33.4,28.4,79.0,6.0,1.8,4.0,260.0,2.0,0,-1.0,-0.0
2025-03-21,26.4,33.0,29.4,72.0,1.4,4.0,5.0,330.0,2.0,0,-0.7,0.7
2025-03-22,25.0,32.6,28.5,83.0,0.0,6.9,4.0,280.0,1.0,1,0.0,0.0
2025-03-23,26.4,32.0,28.7,82.0,20.3,1.7,5.0,300.0,2.0,1,0.0,0.0
2025-03-24,26.8,31.6,28.6,81.0,1.2,4.2,3.0,270.0,1.0,1,0.0,0.0
2025-03-25,25.0,30.6,28.8,81.0,0.0,2.0,4.0,280.0,1.0,1,0.0,0.0
2025-03-26,27.0,31.2,28.6,85.0,1.0,1.4,3.0,310.0,1.0,1,0.0,0.0
2025-03-27,26.8,32.6,28.2,84.0,0.0,0.0,3.0,250.0,1.0,1,0.0,0.0
2025-03-28,25.0,30.8,28.2,82.0,5.4,3.0,4.0,210.0,2.0,0,-1.0,-0.0
2025-03-29,25.6,33.0,28.8,74.0,0.3,1.5,6.0,240.0,3.0,0,-0.7,-0.7
2025-03-30,25.6,34.6,30.2,74.0,4.3,4.2,5.0,260.0,2.0,1,0.0,0.0
2025-03-31,25.0,33.8,29.3,74.0,0.0,6.0,4.0,290.0,1.0,1,0.0,0.0
2025-04-01,26.4,28.6,26.9,86.0,1.0,5.5,4.0,280.0,1.0,1,0.0,0.0
2025-04-02,26.0,33.2,28.3,80.0,5.8,0.5,4.0,280.0,1.0,1,0.0,0.0
2025-04-03,25.0,32.0,28.5,81.0,8.2,2.0,4.0,310.0,1.0,1,0.0,0.0
2025-04-04,25.8,32.0,28.4,82.0,5.9,5.0,4.0,300.0,1.0,1,0.0,0.0
2025-04-05,26.0,32.4,28.8,80.0,4.6,5.0,3.0,280.0,1.0,1,0.0,0.0
2025-04-06,25.0,32.4,27.8,83.0,0.0,3.8,6.0,320.0,1.0,1,0.0,0.0
2025-04-07,25.2,32.4,28.5,80.0,43.0,5.4,4.0,300.0,1.0,1,0.0,0.0
2025-04-08,25.6,33.2,29.0,76.0,0.0,6.6,5.0,290.0,1.0,1,0.0,0.0
2025-04-09,25.0,32.6,29.5,75.0,0.0,8.0,4.0,30.0,1.0,1,0.0,0.0
2025-04-10,27.4,32.6,29.3,79.0,0.0,4.5,4.0,270.0,1.0,1,0.0,0.0
2025-04-11,26.4,33.6,28.9,78.0,0.0,5.4,4.0,300.0,1.0,1,0.0,0.0
2025-04-12,25.0,31.0,28.7,79.0,0.0,5.4,6.0,280.0,1.0,1,0.0,0.0
2025-04-13,26.0,31.6,27.9,84.0,11.1,2.4,4.0,320.0,2.0,1,0.0,0.0
2025-04-14,25.0,34.6,29.7,74.0,8.9,1.0,3.0,250.0,1.0,1,0.0,0.0
2025-04-15,25.0,31.8,29.0,76.0,0.0,6.8,3.0,271.0,1.0,1,0.0,0.0
2025-04-16,25.8,32.4,28.4,82.0,2.5,0.0,5.0,290.0,1.0,1,0.0,0.0
2025-04-17,25.4,30.0,27.3,86.0,25.5,5.7,3.0,300.0,0.0,1,0.0,0.0
2025-04-18,25.0,33.4,28.8,83.0,0.0,0.0,6.0,220.0,1.0,1,0.0,0.0
2025-04-19,26.6,33.6,29.3,78.0,2.8,1.6,5.0,300.0,1.0,1,0.0,0.0
2025-04-20,25.4,34.6,29.2,75.0,2.1,4.0,3.0,310.0,1.0,1,0.0,0.0
2025-04-21,25.0,32.6,28.9,76.0,0.0,1.8,5.0,250.0,1.0,1,0.0,0.0
2025-04-22,26.4,32.4,28.2,78.0,7.5,0.0,3.0,300.0,0.0,1,0.0,0.0
2025-04-23,26.0,34.6,29.1,74.0,9.5,0.6,7.0,290.0,2.0,1,0.0,0.0
2025-04-24,24.2,33.8,29.7,72.0,0.0,0.8,6.0,310.0,2.0,1,0.0,0.0
2025-04-25,27.0,32.4,29.3,76.0,0.0,6.7,4.0,310.0,1.0,1,0.0,0.0
2025-04-26,27.0,33.4,29.4,78.0,1.3,3.0,2.0,320.0,1.0,1,0.0,0.0
2025-04-27,24.0,32.4,28.5,81.0,25.0,1.0,4.0,310.0,1.0,1,0.0,0.0
2025-04-28,26.2,32.4,29.2,75.0,0.0,7.0,4.0,300.0,1.0,1,0.0,0.0
2025-04-29,27.2,33.6,29.7,73.0,0.0,6.2,4.0,330.0,1.0,1,0.0,0.0
2025-04-30,24.8,33.8,29.8,71.0,0.0,6.2,3.0,220.0,1.0,1,0.0,0.0
2025-05-01,27.0,32.6,29.4,75.0,0.0,5.3,5.0,300.0,1.0,1,0.0,0.0
2025-05-02,27.0,33.6,30.0,76.0,0.2,6.7,4.0,290.0,1.0,1,0.0,0.0
2025-05-03,25.0,33.2,28.4,82.0,3.0,5.3,3.0,300.0,1.0,1,0.0,0.0
2025-05-04,26.2,33.0,28.7,79.0,42.2,6.5,4.0,50.0,1.0,1,0.0,0.0
2025-05-05,26.4,34.8,30.2,74.0,0.0,2.3,3.0,350.0,1.0,1,0.0,0.0
2025-05-06,25.0,34.0,29.3,76.0,0.0,7.0,3.0,110.0,1.0,1,0.0,0.0
2025-05-07,26.4,33.2,28.8,80.0,3.0,6.7,4.0,310.0,1.0,1,0.0,0.0
2025-05-08,26.8,33.6,29.4,80.0,3.7,6.6,5.0,280.0,2.0,1,0.0,0.0
2025-05-09,25.0,33.4,30.2,72.0,0.0,7.0,4.0,250.0,2.0,0,-1.0,-0.0
2025-05-10,27.2,33.8,29.7,78.0,0.0,3.3,5.0,300.0,1.0,1,0.0,0.0
2025-05-11,26.8,34.6,28.8,81.0,0.8,5.2,3.0,20.0,1.0,1,0.0,0.0
2025-05-12,25.0,32.8,29.2,76.0,27.0,5.2,4.0,290.0,1.0,1,0.0,0.0
2025-05-13,26.0,33.0,28.9,76.0,0.0,0.6,4.0,300.0,1.0,1,0.0,0.0
2025-05-14,24.8,33.8,29.1,78.0,55.2,4.0,4.0,320.0,1.0,1,0.0,0.0
2025-05-15,25.0,33.4,29.6,75.0,0.0,5.2,4.0,330.0,1.0,1,0.0,0.0
2025-05-16,26.4,32.4,28.6,83.0,37.2,6.3,4.0,290.0,1.0,1,0.0,0.0
2025-05-17,26.0,34.0,28.4,83.0,2.1,4.2,2.0,70.0,1.0,1,0.0,0.0
2025-05-18,25.0,33.2,29.0,79.0,5.7,4.3,3.0,300.0,2.0,0,0.7,-0.7
2025-05-19,25.6,32.6,28.8,78.0,1.0,5.5,3.0,290.0,1.0,1,0.0,0.0
2025-05-20,26.2,33.6,29.3,75.0,0.0,2.7,4.0,260.0,1.0,1,0.0,0.0
2025-05-21,26.0,31.6,28.1,84.0,0.0,3.2,3.0,120.0,1.0,1,0.0,0.0
2025-05-22,25.8,30.6,28.0,87.0,40.4,1.0,5.0,310.0,1.0,1,0.0,0.0
2025-05-23,25.8,30.0,26.8,90.0,4.9,2.1,4.0,340.0,1.0,1,0.0,0.0
2025-05-24,25.0,32.4,28.2,81.0,7.5,0.0,4.0,290.0,1.0,1,0.0,0.0
2025-05-25,25.4,29.6,26.9,89.0,0.5,5.5,4.0,20.0,1.0,1,0.0,0.0
2025-05-26,25.4,30.0,27.4,87.0,33.0,0.0,3.0,290.0,1.0,1,0.0,0.0
2025-05-27,25.0,33.6,29.7,71.0,21.3,0.0,3.0,280.0,1.0,1,0.0,0.0
2025-05-28,26.8,33.8,29.8,76.0,0.0,6.8,3.0,280.0,1.0,1,0.0,0.0
2025-05-29,27.0,34.6,30.4,76.0,0.0,5.8,4.0,290.0,1.0,1,0.0,0.0
2025-05-30,24.8,32.0,28.5,82.0,20.0,5.7,4.0,270.0,1.0,1,0.0,0.0
2025-05-31,26.0,33.4,29.5,80.0,0.0,5.4,5.0,270.0,1.0,1,0.0,0.0
2025-06-01,25.8,32.0,28.3,75.0,1.6,6.3,3.0,90.0,1.0,1,0.0,0.0
2025-06-02,24.8,33.2,29.4,76.0,0.0,0.2,3.0,290.0,1.0,1,0.0,0.0
2025-06-03,27.0,33.2,29.5,76.0,0.0,4.2,3.0,290.0,0.0,1,0.0,0.0
2025-06-04,27.2,34.0,30.2,74.0,0.0,7.0,4.0,280.0,1.0,1,0.0,0.0
2025-06-05,25.0,33.4,29.8,73.0,0.0,3.7,4.0,320.0,1.0,1,0.0,0.0
2025-06-06,27.2,32.6,29.3,74.0,0.0,4.2,4.0,310.0,1.0,1,0.0,0.0
2025-06-07,27.4,33.0,28.6,82.0,3.2,2.0,5.0,300.0,1.0,1,0.0,0.0
2025-06-08,24.0,32.4,28.9,76.0,16.5,4.0,3.0,280.0,1.0,1,0.0,0.0
2025-06-09,26.4,32.8,29.0,78.0,0.0,3.8,4.0,300.0,1.0,1,0.0,0.0
2025-06-10,26.2,32.6,29.1,81.0,27.3,2.6,4.0,260.0,1.0,1,0.0,0.0
2025-06-11,25.0,32.8,28.4,79.0,30.5,2.8,3.0,100.0,2.0,0,1.0,0.0
2025-06-12,26.0,33.4,29.2,74.0,0.0,2.7,4.0,110.0,1.0,1,0.0,0.0
2025-06-13,26.8,34.6,30.0,71.0,0.0,2.8,4.0,100.0,1.0,1,0.0,0.0
2025-06-14,25.0,33.4,27.9,80.0,0.0,2.9,3.0,160.0,1.0,1,0.0,0.0
2025-06-15,26.0,33.2,29.2,76.0,10.6,1.0,3.0,60.0,1.0,1,0.0,0.0
2025-06-16,27.0,33.4,29.9,76.0,0.7,2.5,5.0,90.0,2.0,0,1.0,0.0
2025-06-17,27.2,33.4,29.6,76.0,0.0,3.7,4.0,240.0,1.0,1,0.0,0.0
2025-06-18,24.8,29.0,26.5,87.0,41.5,3.4,5.0,240.0,1.0,1,0.0,0.0
2025-06-19,25.6,28.8,26.6,81.0,2.0,0.2,3.0,50.0,1.0,1,0.0,0.0
2025-06-20,25.6,32.4,28.2,74.0,9.4,0.0,2.0,121.0,0.0,1,0.0,0.0
2025-06-21,24.9,31.8,27.4,83.0,10.9,7.6,2.0,340.0,1.0,1,0.0,0.0
2025-06-22,25.2,32.4,28.9,76.0,6.5,1.0,5.0,120.0,2.0,0,1.0,0.0
2025-06-23,26.2,32.8,28.7,76.0,2.3,5.6,3.0,80.0,1.0,1,0.0,0.0
2025-06-24,26.2,31.0,28.1,80.0,0.4,3.4,3.0,290.0,1.0,1,0.0,0.0
2025-06-25,26.2,32.6,28.4,75.0,0.0,0.9,4.0,300.0,1.0,1,0.0,0.0
2025-06-26,26.2,32.4,28.8,73.0,0.0,3.6,2.0,250.0,0.0,1,0.0,0.0
2025-06-27,26.2,32.2,29.1,77.0,0.0,6.4,3.0,300.0,1.0,1,0.0,0.0
2025-06-28,27.6,31.6,28.4,77.0,0.0,0.5,3.0,100.0,1.0,1,0.0,0.0
2025-06-29,24.6,27.4,25.8,90.0,5.7,0.5,3.0,160.0,1.0,1,0.0,0.0
2025-06-30,25.0,32.0,28.1,79.0,2.1,0.4,3.0,81.0,1.0,1,0.0,0.0
2025-07-01,24.8,33.0,28.7,78.0,17.9,0.0,3.0,220.0,1.0,1,0.0,0.0
2025-07-02,25.2,33.2,28.2,78.0,0.0,0.0,4.0,130.0,1.0,1,0.0,0.0
2025-07-03,24.8,31.6,28.2,79.0,13.0,0.0,3.0,90.0,0.0,1,0.0,0.0
2025-07-04,25.2,33.0,28.7,74.0,0.0,0.0,3.0,290.0,0.0,1,0.0,0.0
2025-07-05,27.0,32.4,29.3,74.0,0.0,7.6,4.0,260.0,1.0,1,0.0,0.0
2025-07-06,24.2,32.0,26.7,83.0,35.2,6.6,3.0,120.0,1.0,1,0.0,0.0
2025-07-07,24.0,32.2,28.1,78.0,26.4,6.2,4.0,290.0,1.0,1,0.0,0.0
2025-07-08,24.0,32.5,28.2,77.0,72.7,5.6,3.0,100.0,1.0,1,0.0,0.0
2025-07-09,24.8,31.8,28.4,80.0,0.0,5.5,3.0,300.0,0.0,1,0.0,0.0
2025-07-10,26.2,32.0,28.5,70.0,2.2,0.8,3.0,280.0,1.0,1,0.0,0.0
2025-07-11,26.5,32.2,29.0,64.0,0.0,7.0,2.0,100.0,1.0,1,0.0,0.0
2025-07-12,26.0,32.8,28.9,69.0,0.0,1.9,4.0,70.0,1.0,1,0.0,0.0
2025-07-13,26.4,32.6,28.7,72.0,0.0,7.0,3.0,80.0,1.0,1,0.0,0.0
2025-07-14,25.8,31.4,28.1,80.0,5.4,3.1,2.0,310.0,0.0,1,0.0,0.0
2025-07-15,26.0,33.2,29.0,79.0,0.0,0.0,4.0,240.0,1.0,1,0.0,0.0
2025-07-16,27.0,33.0,29.2,75.0,0.0,4.0,3.0,290.0,1.0,1,0.0,0.0
2025-07-17,25.2,32.4,28.3,80.0,80.0,6.0,3.0,250.0,1.0,1,0.0,0.0
2025-07-18,25.7,32.0,28.6,79.0,1.4,4.5,4.0,340.0,1.0,1,0.0,0.0
2025-07-19,25.0,32.4,28.2,74.0,0.2,5.2,3.0,290.0,1.0,1,0.0,0.0
2025-07-20,25.2,32.0,28.4,70.0,0.0,6.7,4.0,290.0,1.0,1,0.0,0.0
2025-07-21,26.4,33.5,28.7,71.0,0.0,5.8,3.0,30.0,1.0,1,0.0,0.0
2025-07-22,25.8,33.6,28.5,69.0,0.0,6.3,3.0,130.0,1.0,1,0.0,0.0
2025-07-23,26.2,33.4,29.6,63.0,0.0,7.0,4.0,330.0,0.0,1,0.0,0.0
2025-07-24,26.2,34.2,29.5,65.0,0.0,7.0,4.0,290.0,1.0,0,1.0,0.0
2025-07-25,27.6,33.8,29.9,69.0,0.0,6.3,3.0,140.0,1.0,0,1.0,0.0
2025-07-26,27.2,34.2,29.9,70.0,0.0,5.1,4.0,100.0,1.0,1,0.0,0.0
2025-07-27,27.2,33.4,29.7,76.0,0.0,7.0,3.0,50.0,1.0,1,0.0,0.0
2025-07-28,27.4,33.8,29.0,76.0,0.0,7.2,2.0,280.0,1.0,1,0.0,0.0
2025-07-29,25.8,34.0,29.3,72.0,47.0,4.5,3.0,70.0,0.0,1,0.0,0.0
2025-07-30,26.5,33.6,29.6,73.0,0.0,6.2,5.0,120.0,1.0,0,1.0,0.0
2025-07-31,26.2,34.0,29.1,71.0,0.0,6.8,6.0,60.0,2.0,0,1.0,0.0
2025-08-01,26.4,34.2,29.2,72.0,0.0,7.0,2.0,90.0,1.0,0,1.0,0.0
2025-08-02,25.4,33.4,29.3,69.0,0.0,6.9,3.0,100.0,1.0,1,0.0,0.0
2025-08-03,26.2,33.2,29.4,75.0,0.0,7.0,3.0,120.0,1.0,1,0.0,0.0
2025-08-04,27.0,33.0,28.6,73.0,0.0,5.9,3.0,290.0,1.0,1,0.0,0.0
2025-08-05,25.8,33.4,28.9,76.0,0.4,6.0,4.0,280.0,1.0,1,0.0,0.0
2025-08-06,25.4,33.3,28.9,75.0,4.0,6.1,4.0,360.0,1.0,1,0.0,0.0
2025-08-07,26.2,33.0,29.3,75.0,0.0,6.8,3.0,300.0,1.0,1,0.0,0.0
2025-08-08,26.2,32.0,28.5,80.0,3.6,5.7,3.0,120.0,1.0,1,0.0,0.0
2025-08-09,26.6,33.6,29.4,74.0,0.0,4.1,2.0,250.0,0.0,1,0.0,0.0
2025-08-10,26.0,33.4,28.6,75.0,0.0,6.7,4.0,330.0,1.0,1,0.0,0.0
2025-08-11,25.6,31.6,27.7,84.0,34.5,6.4,6.0,300.0,1.0,1,0.0,0.0
2025-08-12,25.6,29.4,25.9,91.0,29.1,4.0,4.0,160.0,0.0,1,0.0,0.0
2025-08-13,24.0,32.4,27.4,80.0,60.8,0.4,3.0,130.0,0.0,1,0.0,0.0
2025-08-14,24.6,32.4,28.6,69.0,7.1,6.8,4.0,100.0,1.0,1,0.0,0.0
2025-08-15,24.8,32.2,28.2,63.0,1.2,4.2,5.0,290.0,1.0,1,0.0,0.0
2025-08-16,24.8,32.8,28.3,72.0,0.0,7.3,4.0,180.0,2.0,0,1.0,0.0
2025-08-17,25.2,32.8,29.1,71.0,0.0,6.8,5.0,20.0,3.0,0,1.0,0.0
2025-08-18,26.6,32.6,28.9,69.0,0.0,7.3,5.0,100.0,2.0,1,0.0,0.0
2025-08-19,25.0,30.2,27.0,83.0,7.7,3.0,2.0,130.0,0.0,1,0.0,0.0
2025-08-20,25.6,31.4,27.4,79.0,4.4,0.2,3.0,40.0,1.0,1,0.0,0.0
2025-08-21,24.8,31.8,27.8,81.0,2.6,1.4,4.0,310.0,2.0,1,0.0,0.0
2025-08-22,25.8,32.0,28.4,77.0,0.0,3.8,3.0,260.0,1.0,1,0.0,0.0
2025-08-23,26.2,33.6,29.1,77.0,0.0,6.8,3.0,290.0,1.0,1,0.0,0.0
2025-08-24,26.8,32.6,29.1,75.0,0.0,7.1,4.0,280.0,1.0,1,0.0,0.0
2025-08-25,26.8,31.4,27.9,77.0,0.0,7.1,2.0,290.0,0.0,1,0.0,0.0
2025-08-26,25.0,33.4,28.7,75.0,10.4,2.4,3.0,10.0,1.0,1,0.0,0.0
2025-08-27,25.2,35.2,29.3,63.0,0.0,7.4,4.0,290.0,1.0,1,0.0,0.0
2025-08-28,25.4,32.4,28.8,68.0,2.0,7.7,5.0,320.0,1.0,1,0.0,0.0
2025-08-29,24.0,33.4,28.0,77.0,57.4,3.6,3.0,120.0,1.0,1,0.0,0.0
2025-08-30,25.2,33.8,28.3,74.0,0.2,8.0,3.0,280.0,1.0,1,0.0,0.0
2025-08-31,26.0,33.2,28.7,76.0,0.0,3.9,3.0,110.0,1.0,1,0.0,0.0
2025-09-01,26.2,33.4,29.0,72.0,7.3,5.2,4.0,90.0,1.0,1,0.0,0.0
2025-09-02,26.6,33.6,29.5,70.0,0.0,8.0,3.0,140.0,1.0,1,0.0,0.0
2025-09-03,26.6,34.0,29.4,65.0,0.0,8.0,4.0,130.0,1.0,1,0.0,0.0
2025-09-04,27.0,33.2,29.7,72.0,0.0,8.0,4.0,60.0,1.0,1,0.0,0.0
2025-09-05,27.0,33.0,29.5,73.0,0.0,8.0,6.0,300.0,1.0,1,0.0,0.0
2025-09-06,27.0,33.7,29.5,69.0,0.0,7.8,2.0,250.0,1.0,1,0.0,0.0
2025-09-07,25.6,32.8,28.9,65.0,0.4,6.6,2.0,130.0,1.0,1,0.0,0.0
2025-09-08,26.8,32.4,29.2,70.0,0.0,4.8,3.0,290.0,1.0,1,0.0,0.0
2025-09-09,27.0,31.6,27.5,82.0,0.0,2.9,4.0,230.0,1.0,1,0.0,0.0
2025-09-10,25.0,33.0,28.5,77.0,27.7,1.6,3.0,340.0,1.0,1,0.0,0.0
2025-09-11,25.8,30.4,28.3,77.0,0.4,6.8,3.0,240.0,1.0,1,0.0,0.0
2025-09-12,26.0,33.2,27.9,79.0,0.8,1.4,3.0,240.0,1.0,1,0.0,0.0
2025-09-13,25.0,33.4,28.9,72.0,2.4,6.0,4.0,290.0,1.0,1,0.0,0.0
2025-09-14,26.2,33.2,29.7,70.0,0.0,8.0,3.0,330.0,1.0,1,0.0,0.0
2025-09-15,27.2,33.5,29.8,63.0,0.0,5.5,4.0,360.0,1.0,1,0.0,0.0
2025-09-16,27.6,33.0,29.7,69.0,0.0,6.4,3.0,260.0,1.0,1,0.0,0.0
2025-09-17,27.0,32.0,28.2,76.0,0.7,5.6,4.0,310.0,1.0,1,0.0,0.0
2025-09-18,25.2,29.2,27.1,82.0,9.0,1.5,3.0,50.0,0.0,1,0.0,0.0
2025-09-19,25.8,31.0,28.2,76.0,0.0,0.0,3.0,110.0,1.0,1,0.0,0.0
2025-09-20,25.4,30.6,26.9,86.0,8.8,0.0,5.0,320.0,1.0,1,0.0,0.0
2025-09-21,26.0,32.2,27.7,81.0,1.2,2.0,4.0,260.0,1.0,1,0.0,0.0
2025-09-22,26.2,35.2,30.0,74.0,0.0,6.1,2.0,90.0,1.0,1,0.0,0.0
2025-09-23,25.4,33.6,29.0,77.0,6.6,8.0,3.0,290.0,1.0,1,0.0,0.0
2025-09-24,26.6,33.5,29.7,68.0,0.0,7.5,5.0,300.0,1.0,1,0.0,0.0
2025-09-25,26.4,33.2,29.5,72.0,0.0,8.0,5.0,300.0,1.0,1,0.0,0.0
2025-09-26,27.0,35.0,30.2,68.0,0.0,6.5,4.0,50.0,1.0,1,0.0,0.0
2025-09-27,27.6,34.4,30.3,69.0,0.0,7.6,5.0,130.0,2.0,0,1.0,0.0
2025-09-28,27.8,34.6,30.5,67.0,0.0,8.0,5.0,330.0,2.0,1,0.0,0.0
2025-09-29,27.4,33.4,28.1,78.0,0.0,8.0,2.0,300.0,1.0,1,0.0,0.0
2025-09-30,25.4,32.8,28.3,74.0,8.1,1.7,4.0,60.0,1.0,1,0.0,0.0
2025-10-01,24.0,33.2,28.3,77.0,21.2,0.8,4.0,120.0,1.0,1,0.0,0.0
2025-10-02,25.6,32.6,28.8,77.0,0.0,8.0,4.0,260.0,1.0,1,0.0,0.0
2025-10-03,26.4,33.2,29.6,72.0,0.0,2.0,3.0,30.0,1.0,1,0.0,0.0
2025-10-04,26.4,34.3,30.2,70.0,0.0,2.7,4.0,300.0,1.0,1,0.0,0.0
2025-10-05,27.0,34.0,30.3,69.0,0.0,8.0,4.0,350.0,1.0,1,0.0,0.0
2025-10-06,27.4,34.6,30.2,68.0,0.0,8.0,4.0,80.0,0.0,1,0.0,0.0
2025-10-07,27.4,33.2,29.0,76.0,0.0,5.6,5.0,260.0,1.0,1,0.0,0.0
2025-10-08,26.2,34.0,29.4,69.0,0.0,8.0,3.0,280.0,1.0,1,0.0,0.0
2025-10-09,27.0,33.4,29.8,67.0,0.0,8.0,4.0,330.0,1.0,1,0.0,0.0
2025-10-10,26.2,33.6,29.4,66.0,0.0,8.0,5.0,270.0,2.0,1,0.0,0.0
2025-10-11,26.4,35.4,30.2,64.0,0.0,6.8,4.0,120.0,1.0,1,0.0,0.0
2025-10-12,27.8,35.0,31.2,63.0,0.0,8.0,3.0,30.0,1.0,1,0.0,0.0
2025-10-13,27.2,35.0,31.4,68.0,0.0,8.0,3.0,90.0,1.0,1,0.0,0.0
2025-10-14,27.4,35.2,30.7,70.0,2.5,6.8,5.0,80.0,2.0,1,0.0,0.0
2025-10-15,28.0,33.4,30.6,75.0,0.0,8.0,5.0,60.0,2.0,1,0.0,0.0
2025-10-16,28.0,35.4,30.7,70.0,0.9,7.2,2.0,90.0,1.0,1,0.0,0.0
2025-10-17,28.0,34.4,30.8,68.0,0.0,8.0,3.0,280.0,1.0,1,0.0,0.0
2025-10-18,27.0,35.0,29.9,74.0,1.9,4.2,3.0,250.0,1.0,1,0.0,0.0
2025-10-19,27.0,33.4,30.3,71.0,0.0,2.6,3.0,210.0,1.0,1,0.0,0.0
2025-10-20,28.0,34.0,31.1,71.0,0.0,3.3,4.0,300.0,1.0,1,0.0,0.0
2025-10-21,28.0,33.8,30.9,70.0,0.0,4.0,6.0,300.0,1.0,1,0.0,0.0
2025-10-22,26.0,35.8,28.8,80.0,13.6,8.0,4.0,260.0,1.0,1,0.0,0.0
2025-10-23,24.0,34.2,28.8,79.0,68.0,5.4,4.0,240.0,1.0,1,0.0,0.0
2025-10-24,26.2,33.6,28.4,78.0,8.9,2.8,8.0,110.0,2.0,1,0.0,0.0
2025-10-25,25.6,34.4,29.3,70.0,4.5,3.8,6.0,250.0,2.0,1,0.0,0.0
2025-10-26,26.0,34.0,29.2,76.0,0.7,3.3,4.0,250.0,1.0,1,0.0,0.0
2025-10-27,25.8,33.4,28.7,76.0,0.0,5.4,3.0,290.0,1.0,1,0.0,0.0
